index_id	category	text
431	geography	Tiriki kɛrɛ saba lamununa ni kɔgɔji ye: Kɔgɔji Eze tilebin fɛ, Kɔgɔjinfin kɔgɔdugu fɛ ni Kɔgɔji Mediteranɛn worodugu fɛ.
403	science/technology	Kɛlɛ in daminɛ la u tun be taama fanba kɛ kɔkɔji sanfɛ,  nka tuma minna jateminɛn-mansin yiriwala ka jaw jɛ jijukɔrɔkurunw jagoyala ka don jijukɔrɔ walasa k'u yeli bali.
1592	science/technology	Komi Girɛkiw ka dɔni bɛna, Erɔpu jamanaw y'u tikɛlen kabɔ Girɛkiw ka dɔniya ani miriyacogo ju la.
993	entertainment	Nka u cɛɲanw ani samalikɛlan tɛ kelenye nɛnɛ waatila, nin kulumayɔrɔsow camaw kɛniye ka nɛzi ɲuman baw sɔrɔ ani farikoloɲɛnɛjɛ bilale senkan inafɔ siki and nɛzisanfɛpani.
755	entertainment	Nin otɛliw kun ye yɔrɔ ye famaw ani mɔgɔ kodɔnlenw kun jigin yɔrɔmina ani kun be waatidɔw la sura ɲuman dɔn walima sufɛgitan kɛ.
1936	politics	San 1994, nin kɛlɛ in kɛra sababu ye ka Transnistria jamana sigisenkan Maldive kɔrɔnyanfan fɛ, min ka gɔfɛrɛneman b'a bolo ani waari nka a ma kodɔn Diɲɛforobatɔnba jamana sifɛ.
1205	health	Danielle Lantagne, ũrĩa nĩ mũtaaramu wa UN wa mũrimũ ũcio, augire atĩ aigi thayũ acio mahota gũkorwo nĩo matũmĩte mũtuthũko ũcio wanjie.
1692	geography	Mɔrɔ ɲɛnɛma sigilen tɛ yɔrɔ baw la ka ta kɔkɔdugu yanfan ani yɔrɔ dɔw ye kunkolo dɔrɔn ne ye.
280	politics	Nisɔngoyataamakɛraw ko a bɛ taa mɔgɔ 100,000 la minnu labanna Allemagne dugubaw kɔnɔ i n'a fɔ Berlin, Cologne, Hamburg, ani Hanover.
247	politics	O politikimɔgɔw kɛra sababu ye ka marabulon ni kiri sigi senkan min latikɛra ni Article 247 ye Pakistan Sariyagafeba kɔnɔ.
1439	politics	Sɔɔni balawu daminɛni kɔ, Beretaɲi ye Alimaɲi jisira datugun.
1239	entertainment	"""A cɛkaɲi w'a be dɔnkili da kaɲɛ"", a y'o fɔ k'a da kunnafonidi in kan."
743	geography	Dugu tɛ Cook Island nka a dilan neno ni gun 15 ye. Gun belebelebaw ye Rarotonga ani Aitutaki ye.
18	politics	Muruti tun kƐlendo duniya fan tan ni naani, sariya nɔminƐli bara caman tun kundora ani islandi ni paskistan fila bƐƐ jamana ɲƐmɔgɔw  demisiyɔnnera.
1344	science/technology	Hydrogene ions ye protons ye munu ka electrons samanra ka bɔ ( ka kugu proton kelen ni electron kelen de bɛ Hydrogene kisɛw la.
688	travel	Lajɛlibaw waati caman tɛ minunw bolo kan ka waati tɛmɛ yɔrɔ wɛrɛla.
556	science/technology	atɔmi be seka jateminɛ ka kɛ fɛnw jɔlen bɛ ka finiti nafan ma ye sira bɛɛ fɛ.
1645	science/technology	A b'inafɔ wotoro girinma kolɔnkolɔni ka yɛlɛ kulu fɛ. Camancɛ cili ka ta sanfɛ b'o fagan dɔni labila.
907	science/technology	U be waaticama ɛntɛriniti kunafoniw tɛmɛ ta hakɛw cama di ani sɛriwisi ɲuman ba, Kɔdi b'ula ani ola ka gɛlɛ ka nafikiya.
1071	politics	Nka Minisiri Ɲɛmɔgɔ John Howard ye a fɔ ko sariyasen in tun ye dɔrɔn marabaaw kana  kɛnɛyaso in daraja jigin ni AUD$ miliyɔn 45 farakan dili ye.
555	sports	farikoloɲɛnɛjɛlaw be sek'a jateminɛ ku be fɛnw do fɛ ali na sɔrɔ a tɛ nafan s'ama.
1203	health	Mbere ya gũkinya kwa mbirarũ, Haiti dĩonete mathĩna makonainiĩ na mũrimũ ũcio kuuma mĩaka ya 1800s.
58	politics	Lakanatigilamɔgɔw ko Lo Piccolo bolo ka jan bari a kun kɛra Provenzan dɛmɛ bolo dɔ ye w'a  ka kodon ba ye boɲan s'a ma ka bɔ kɔrɔ famaw yɔrɔ k'a d'a kan u ye Provenzan ka marakɛcogo dɔgoya f'a dan k'a sɔrɔ ku ka fanga jurusira sinsin
1764	travel	Farankalila, i jant'ala ko kasa be urisiw sama ani kunkosoko wɛrɛw, ola i farati ka nana ni walima ka dumuni kasamaba dilann ani sigiyɔrɔ lajɛya.
195	sports	Massa kakan k'a sen bɔ san 2009 wati tɔ la a dɔgɔyalen.
1785	travel	Maralikɛlikabila jɔna be hakilisigi di woyazikɛla ma k'u bena siyɔrɔ sɔ waatimina n'u sera u seyɔrɔla.
600	science/technology	Fɛnw ani Kuluw be seka bolika bɔ cogoya kelen na ka ta cogoya wɛrɛla ani tɛ yɛlɛma.
553	sports	Yɔrɔ camancɛ bolili  ye cogola farikoloɲɛnɛjɛ nɔgɔmani ye; nka, famuyabaliya beyi ka ɲesin fɛn fitiniw minunw be laɲinin ka dɔn la.
1720	geography	Pariki ye kilomɛtirikare ba 19.500 ye ani tilaneno yɔrɔmara 14 ye, kelenw kelenw be kunko ani kunkosogow dɔw jukɔrɔma dɔndo.
1622	geography	Amazoni ba ye diɲɛ ba jamujan fila ni ani ba beleba ye. A be ji ta siyɛn 8 min ka ca nin ba belebele filana ji ye.
1441	politics	Beretaɲi ye mugujugu bila diɲɛjiw la ka kurunw bɛɛ bali  ka don kɔgɔjiba la, minnu ye cɛmancɛkurunw fɛnɛ bila farati la.
566	health	Lajɛlin, walima lajɛli se sirileno yeli fasajuruw fanw la walima ɲɛdenw.
1515	science/technology	Maũndũ ma intanet nĩmoongereire mwĩkĩre wa mandũ na mũcokerie wa ngatho.
585	science/technology	Nka, tɛlɛsikɔpu fɔlɔ tiɲɛ tiɲɛ dilana Erɔpu sikɛli 16 na labana.
1689	geography	Ottawa ye Kanada faba ɲuman kan fila fɔla ye ani fɛnjirayɔrɔw ani mizew jira min be Kanada ka kunu ani bi jira.
1256	health	Ni kisɛkisɛni ninnu farani ɲɔgɔn kan bɛ bɛn ni minnu sɔrɔ la sokonɔnbagansukunɛ na n'a sanganna infrares rouges (FTIR) la.
60	science/technology	Apple ɲɛmɔgɔba Steve Job ye mansin in yira a taamatɔla kɛnɛ in kan a ye Iphone in bɔ a jufa kɔnɔ
32	sports	Tuma nin Alonso ɲƐfƐ  mobiliw taara tajii ɲinni lakana mobili kɔrɔ, a ye dɔ fara waati kan yasa ka sebaya sɔrɔ.
1411	politics	Yɛrɛmahɔrɔnya Kɛlɛ waati la, jamanabolo tannisaba nunuw ye cɛmacɛ marabolo fɛgɛman dɔ sigi senkan—Bɛɛjɛ Sariyasenw hokumu kɔnɔn—Kurufanyɔya Sariyaseng kɔrɔ.
13	sports	Nadal ye  a kunfa ni kuru 88%  macila ni sebaya kuru 76  sɔrɔli ye taako fɔlɔ la.
1941	travel	Sirafilancɛɛ belebelebaw, sojan ɲɛfɛra fitiri manw ani feere kɛ butiki kuraw dilane nin ladala sosanfɛla bilemanw ye, siyɛkili 18 suku, ani misiri ani egilizi kɔrɔw, ali na sɔrɔ dugu cogoya be komi Erɔpu mediterane ta ka tɛmɛ Turquie kɔrɔlen kan.
732	sports	Whistler (lɛri 1 ni miniti 30 boli kabɔ Vancouver) ka gɛlɛ nka kodɔnleno ko sababu kɛ 2010 Winter Olympics ye.
871	entertainment	I ka so fa nin kafe dunlen ba ye sɔkɔmada fɛ ani kamomili te lafiyalan dɔni sufɛ.
886	geography	Antarctica nĩkuo kũndũ kũrĩa kwĩ heho mũno thĩ ng'ima, na ĩthiũrũkĩirie South Pole.
362	science/technology	Lɛri kɛmɛ caman  tɛmɛlen baara la yeelenbarani kɔnɔjuruni bɛ se ka jeni ni ka yeelenbarani bali baara ma.
1578	health	A kɔfara lajɛ walaka ka dɛmɛli kunafoni jɔnjɔn sɔrɔ o dɔngɔnɔn kan.
996	travel	Cogoya bɛɛ la, i kan ka tike maralikɛ dirɛkiteman nin pankuruso ye u ka nɛgɛjuru sifa fɛ.
197	health	Peresidan ka lahalya kafisa, hali ni a ye sɔrɔ a bena bila a kelen ka tile caaman kƐ.
460	entertainment	TV nyingĩ cithondeketwo nĩguo cikenie mũingĩ.
154	geography	Nɛgɛkuru kodɔnlen 24,000 minnu binna dugukolo kan, 34 dɔrɔn sɛgɛsɛgɛra ka kɛ Marisi minɛlakikaw ye.
1160	politics	O kɔ ɲɛmɔgɔw bɛ kalatalatɔgɔ sɛgɛsɛgɛ gafe kɔnɔ, kalatala bɛ forokoni lajigi kɛsu kɔnɔ ni ka sɔrɔ ka a tɛgɛnɔn bila tɔgɔgafe kɔnɔ.
1223	entertainment	U y'uka munumunu in bo ama uka dɔnkili dala fɔlɔfɔlɔ, Steven Tyler bananen kɔ a jigin tɔ fɔlikɛyɔrɔ la ɲɛnajɛ dɔ senfɛ Utikalo tile 5.
54	politics	Peter Costello Australia waribon tigi ye mɔgɔ min ka teli ka na Minisiri ɲɛmɔgɔ John Howard nɔna ka sabu kɛ Liberal Party ton y'a ka dɛmɛ di nikiliyɛr goni dilanyɔrɔko ma Australia
7	politics	LajƐba in daminƐra taalen nƐgƐ kaɲƐ 11 waati, ye leri la (UTC +1), Whiteall kan, ka ɲƐsin dodaba ma min kɔlɔsilen tun be Downing Street polosiw fƐ, minisiri ɲƐmɔgɔ ka fama sigiyɔrɔ.
1010	sports	USA Jimenasitigi be u ka Komite Olympik ka bataki in jukɔrɔmado ni ka sɔn u ka sigida lakana waleyaw carinin ma an ka farikolo ɲanajɛlaw bɛ kɔsɔ.
1174	sports	Se kɛra ni kurulaban kelen ye, 21 ni 20, min labanna ni farafingɛrɛgɛrɛw ka kunkɔrɔta ni tɔgɔduman ye tolon 15 la.
1202	health	Kuringana na thitango iyo, taka taka kuuma kambĩ ya UN diarĩ therie wega, igatũma dwari ciingĩre rũĩini rwa Artibonite, rumwe wa njũĩ iria nene mũno Haiti.
958	travel	Pankuruso kulu si tɛ kɔkɔji sabaw bɛɛ tikɛ worodugu emisifɛri la (ani SkyTeam tɛ ni tikɛli si kɛ).
354	science/technology	dakunfila bɛ sisan sanbɛlɛbolinɛgɛ la digankurulen bɛ munu ni ɲɔkɔn cɛ. dadumanfilaw bɛ sanbɛlɛw famuya ka ɲɛ, ali ni jɛnkɛnni kɛla.
505	science/technology	Kwĩna maũndũ mega metanĩtio na rũrenda, ta guthondeka irathi mĩtamboini kũrĩa mathomo maraheano na njĩra cia mbica, video,  maandĩko na mangĩ ta macio.
1333	science/technology	a bɛ sanfɛkunafonidimansin kɔ da dugukolokankunafonimansin ta la walasa ka fiɲɛsirasɛgɛsɛgɛlan bila ka pankurun gɛrɛngɛrɛnjira ka ɲɛ ni kunafoni jɛlenw ye.
1173	sports	Sidafiriki ye (New Zealand) farafingɛrɛgɛrɛw ci JamanaSaba rugbytolon dɔ senfɛ tolonkɛnɛ na min tɔgɔ ye The Royal Bafokeng Stadium, Rustenburg, Sidafiriki kɔnɔ.
945	travel	Vikings kun ye Russie jisiraw itilize ka Black Sea la ani Caspian Sea. Nin sira fan dɔw be seka itilize alisa, Jɛndili sɛbɛnw ɲinin lala min mako beyi, min sɔrli be seka gɛlɛya lala.
1012	sports	USA Jiminasitiki be dƐmƐdo ɲinnin kƐrƐnkƐrƐnnen dɔ ma min be na se ka tiɲƐ bange cogo kan  min ka damatƐmƐwale lakalira mabalolenw fƐ ni timinandiya ye cogo min ni Larry Nassar sera ka tƐmƐ ka mƐƐ kasɔrɔ a ma ye  ni ka se ka falenniw kƐ minw tun ka kan ka kƐ.
712	travel	Lajɛlikɛbatɔn min ka nin 60 ye de be boli Galapagos jiw kan - k'o boɲan daminɛ mɔgɔ 8 ka ta bila mɔgɔ 100 talila.
1654	science/technology	Farifoni hakilina ba dɔlen fila ye Maslow's Hierarchy of Needs Theory ani Hertzberg's Two Factor Theory.
76	politics	"Nka, a seginn'a ka kuma tɛmɛnen kan ko Roev. Wade tunye ""dugukolo sariyasen labɛnnen in ye"", k'a sinsin Sanfɛ Kiiribulɔn ka kiiri ɲuman nafa kan"
637	science/technology	San naani kɔfɛ tiyiga sɛbɛn dɔ dir'ama min kun diɲɛ tigiya sɛbɛn fɔlɔ dilile ye MRI domɛni kɔnɔ.
1694	geography	Farafina Kɔrɔn yanfan gunw be Ocean Indien kɔnɔ Farafina kɔrɔn yanfan dugukolo kɔfɛ.
1559	travel	Tamali fɔlɔ kodɔnlen kun ye tamali ye, adamaden y'a tamali daminɛ ka tilen san miliyɔn fila tɛmɛnikɔ nin Homo Erectus nali (min kɔrɔ mɔgɔ tilen ni).
679	geography	Voctoria Falls ye dugu ye Zimbabwe worodugu yanfan fɛ, furɔntiyɛri la nin Livingstone, Zambie, ani Botswana gɛrɛfɛ.
1049	politics	Gafe in be dayɛlɛ ni sankɔrɔta ye k'a ɲinsin foroba baro ma ani fɔkabɛn Lameriki jamann kɔnɔ minnu be talikɛ mara taabolow la Azi bangu kɔrɔfɛ jamanaw la.
557	science/technology	O ye fan ɲagamunin min dilan ne, nin sinsin ne ye Bohr jogoya nɔgɔman kan, dɔn ni kɔnɔna camanla ye min korineno nin elɛkitɔrɔn ye, min bolen no cogoya dɔla pilanɛtiw fɛ minunw be ka tile munu munu - Tabilo 1.1 lajɛ.
194	sports	Berezili ka in degunna kɔsɛbɛ kunkolo bana fɛ  kasara dɔ la san 2009 Hɔngiri Jɔnjɔn Ba la.
1103	science/technology	Maumĩrĩra ma ũthuthuria nĩũkaandĩkithio rũrenda-inĩ rwao rwa internet.
1009	health	PALM mafilƐli la, ZMapp kƐra ka jateminƐ de ye, a be i nafɔ dɔnnikƐlaw ye a taa ka baarakƐ  ni a ye i nafɔ jateminƐlan ani u ye a sanga furakƐlicogo saba wƐrƐw ma.
20	politics	Hsieh ye a fɔ mɔgɔw ye kalafili waati ko a be se ka kƐ  ko Ma be boli ka bɔ jamana kɔnɔ gƐlƐya waati.
1700	travel	Musow: a ɲinin eno ko muso woyazikɛlaw bɛɛ ka fɔ nin u furulen no, siratuka sinsin kɛcogoyala.
1673	science/technology	Tɛkinolozi kuraw nali y'a t'anw be nzɛbɛn dilan cogo ani baaraw minunw kun ma deli ka ye fɔlɔ ye ani k'u sɛgɛsɛgɛ.
911	science/technology	Bari weleliw sira be yɛlɛma ɛntɛrɛnɛti sanfɛ, i mako tɛ nɛgɛjuru baarakɛyɔrɔ dɔ itilize min b'i ka yɔrɔ la walima i be ka woyase ka ta yɔrɔmina.
1813	travel	Sigikɛleno a kan ko tike bena kɛ yan 2500 ani 130.000 ɲɔgɔncɛ, nin tike nɔrɔmali munu munu ni ye yan 7000 gɛrɛfɛ.
1052	politics	Crisrina Fernandez de Krichner, ni ale be wasaden  ya jɔrɔla nin waati la ani Argentine Jamana ɲɛmɔgɔ Muso  yala , y'a ka jamanaɲɛmɔgɔya  ɲini fɔ kunu sufƐ La Plata, n'o ye dugu ye min ni Buenos Aires cɛ ye kilomɛtɛrɛ 50 ye (mayili 31)
1699	geography	Kɔkɔdugu yanfan fɛ, marayɔrɔ datugulen no nin Saheli ye, ani worodugu ani tileben yɔrɔla nin Ocean Atlantique ye.
290	geography	Wabici ya Icelandic Meteorological onayo dĩarutĩte riboti cia gũtuthũka gwa kĩrĩma thĩ-inĩ wa Hekla harĩ mathaa mĩrongo ĩna na manana mahĩtũku.
1567	politics	O Sɛbɛn in kalanko fɔlɔ jamana kɛra John Dixon fɛ Independence Hall kuru kɔnɔ Zuyekalo tile 8.
1638	science/technology	Fɛnw diɲɛ in kɔnɔ dilan neno nin fɛn dɔ ye. Fɛnw bɛɛ dilan neno nin paritikili fitiniw ye min be wele ko atɔmu.
590	science/technology	"Nka, nin o ye can ye fiyɛn fiyɛnw, lala tɛna kɛ fo waatijan na. Lolow carileno ka caya ko kilomɛtiri  tiriliyɔn camaw de be lolo nin ɲɔgɔncɛ minunw ye ""sigiɲɔgɔn maw"" ye."
1610	travel	Sirikilasiyɔn bolili bolifɛnw bolilaw kelen kelen ka bolili kalan ani mɔbiliw pɔnw fila ni ɲɔgɔncɛ  ani seɲɔgɔma ɲɔgɔn na u be min kɛ.
691	travel	O yɔrɔ lajɛli be seka fara ɲɔgɔnkan lafiyala nin batɔɔn woyazi ye ka ta laki la.
1120	health	Mɔbilibabolila, min sisanga ye san 64 ye, ma madimi sirabakasara in na.
1619	science/technology	San bariyika tɛmɛni kɔnɔ, cɛ dɔ min be wele ko Aristarchus y'a fɔ ko Tile n'a Gɛrɛfɛfɛnw be munu munu tile gɛrɛfɛ.
839	entertainment	kadakan kaɲakɔnɔnaw janya kan, i tɛ seka na sufɛ tulɔn cama sɔrɔ nin ta Albuquerque walima Santa Fe.
829	travel	Siginfɛli fuyɛli kɛyɔrɔ ye waaticamana jɔ yɔrɔ fɔlɔ tumamina jigili bɛka kɛ pankuru kɔnɔ, batɔn walima bolimanfɛn wɛrɛ.
1591	science/technology	Sɔn kɛra yɛlitamina kun ye Arisotɔti ka dɔni fɛnw bɛ kan, hakilikalan b'ola.
1821	science/technology	Fɛnɲɛnɛmaniw ninunw be seka dumuni cɛn, nkɔnɲɛ nati, walima cogoya gɛlɛna seka alɛriziw nati, bana cari, walima banayɛlɛtaw yɛlɛma.
1271	sports	Aka fɔlɔ kɛra Silalɔmi ye, min n'a ye  A M'a Laban  jɔyɔrɔ  sɔrɔ aka tɛmɛnko fɔlɔ la. Ɲɔgɔndannikɛla 36 ka jaabi kɛra kelen ye 116 cɛ boli in na.
1355	science/technology	a nana ni nɛgɛsiramɔbili ni mɔbili ye, ani taakasegi fɛn caama wɛrɛw ye.
376	science/technology	Gazi bɛ dɔkɔya ka taa a fɛ n'i bɛ ka i ma janɲa tile camancɛ la.
1040	science/technology	Teliya 802.11n hakƐ ka telin kɔsɔbƐ dɔnni ka tƐmƐ minw kɔnna a ɲƐ ni 600Mbit/s teliya hakƐ ye.
580	science/technology	Nin fasa cikanw be seka ci jɔna jɔna farikolo fɛ min be farikolo lakana kabɔ kɔlɔlɔ dɔ ma.
1028	science/technology	Siiw dancogo be mɔgɔ bila ka miiri ko u tun te kƐ ka pannikƐ ɲa ka funteni hakakƐ bƐrƐbƐnni walima ka a jirali.Ɲinnililaw ye u ka halikilina jira ko, halini dinɔsɔridenni de kukala ko do, esantiyɔn in be a kɔrɔbalen sii de jira ɲa jƐgƐfara tƐ.
1109	health	Baana kɔlɔlɔ fɔlɔw lasera Zuluye kalo laban tƐmƐlen.
401	science/technology	jijukɔrɔkurunw ye jikurunw ye minnuw kɛrɛnkɛrɛnnen do ji jukɔrɔ boli la ani k'u kɛ yen  waati jan kɔnɔ.
70	entertainment	FɔlijƐkulu in ɲƐmɔgɔyaso ba, HK Management Inc.  ma kun jɔnjɔn fɔ tuma minna u ye a bɔ ama sɛtanburukalo tile 20, nka o dugusajɛ u ye minɛn ko de lagosi.
576	science/technology	"Farikolodenfitini ye mun ye? Farikolodenfitini danɛ bɔra Latin danɛla ""cella"", min kɔrɔ ye ""bɔn fitini"", ani a fɔra siyɛnfɔlɔ mikorosikɔpu lajɛli ba dɔ fɛ min be ka jirifara dilan cogo lajɛ."
1787	travel	Woyazi ɲɛnɛbɔba baarakɛlaw be kuluw jira ila daraka, tiransipɔri kabɔ/a,i ka ta ayeropɔrila be min na walima ali otɛli ani wɔli kuluw faralenɲɔgɔnkan.
1788	travel	U be seka maralikɛkabila i ɲ nin i mako be waatila ka miri sɛriwisi in kan walima ka sɛbɛn dɔ ɲinin ka t'i tayɔrɔla (misalila: wiza).
887	travel	Gũcera kũu kwĩ goro, kwendaga ucamba, kũngĩhanĩka tu mĩerinĩ ya summer Nov-Feb, na mũngĩcerio o Peninsula, islands na Ross Sea.
1065	politics	Etats-Unis jamana ɲɛmɔgɔ Georges W. Bush sera Singapore Nowanburukalo tile 16 sɔgɔma, ka dɔgɔkun kelen taama daminɛ Asia
386	politics	Masa Sejong tun ye  Joseon masasi masakɛ naaninan ye, ani ani a jatelen do kosɛbɛ.
1749	sports	Ɲɔgɔndantulɔn fitiniw ani zuyew be seka ye fɛnɛ yan waatidɔw la san kɔnɔ.
1857	travel	O cogo kelen na, nin Schengen wiza b'i bolo, i mako tɛ ka wiza ɲinin ka ta Schengen jamana dɔla tuguni, ola o ye waati mara ye, waari ani sɛbɛnkɔw baaraw.
680	travel	Dugu dalen no masurunyala jibɔn yɔrɔwɔ gɛrɛfɛ, ani u de ye samani kɛrɛyɔrɔ ba ye, nka nin lajɛli yɔrɔ kodɔnlen ba be toli kuntagala jan opɔritinite di layalikɛlaw ani lajɛlikɛlaw ma.
93	politics	Ni be sɛbɛn fɔlɔw sɔsɔ, minnu y'a fɔ ko kalafili takofilana in dabilali tun bena kɛ sariyakolo in juguya la.
1906	science/technology	Yɔrɔ janw la, erezo tɛ yɔrɔ miununw ka, telefɔni satelitiman be seka latigɛ kelen dɔrɔn ye.
1423	politics	1895 san, a dɛsɛni kɔ ka sebagaya sɔrɔ Sinuwa-Zapɔnɛkɛlɛfɔlɔ la (1894-1895), Qing marabylon ye bolonɔnbila kɛ Shimonoseki bɛnkan na, min kɔnɔ a jɛnna Tayiwani tigiya kɔ k'a si Zapɔn ma, min ye gun mara fo san 1945.
1361	science/technology	Musomanw kɛ kadi ka fara ɲɔkɔn kan, bawo u ye balimanmuso ni denmuso'duba ye.
1230	entertainment	O kɔfɛ Lakkha Singh ye bahjans fɔli kun ta.
1085	science/technology	Baara kɛlen in fanba tun ye hakilinakow ye, nka taabolo in sɛbɛnna walasa ka Sagittarius dolokulu filɛliw sankɔrɔta.
1376	science/technology	falenfɛnw bɛ u dumuni tile fɛ photosynthese fɛ.u fɛnɛ bɛ suman di.
141	sports	Araba don, Etats Unis ForobaBasikɛtijɛkulu (NBA) y'a ka basikɛtikɛnɛ jɔ k'a sababu kɛ COVID-19 kɔlɔlɔw ye.
1930	travel	Njĩra ya mbere ya kũũmbũka na dege first kana business class nĩ kũhũthĩra beca nyĩngĩ (ona kana wega makĩrĩa ũrĩhĩrwo nĩ kabuni yaku).
1514	science/technology	Intanet nĩĩingĩranĩtie mĩario ya mũingĩ na ya gatagatĩ ka mũndũ na ũrĩa ũngĩ.
783	science/technology	Kunkokɔnɔna fotota be waatidɔw la yɔrɔjanfototana ɲinin, ali na sɔrɔ fɛnw inafɔ kɔnɔ kuluw walima dantan fitini dɔw mako be kunkolo wɛrɛw la.
394	politics	Nka hali ola Royal Navy Kɛlɛbolo tun ka farin kosebe  k'a tɛmɛ Alimaɲi Navy Kɛlɛbolo kan (''Kriegsmarine'') ani a tun be se ka firinkan jikankɛlɛkɛla bɛɛ siban ka bɔ Angilɛ kaw ka Dugumasira fɛ.
752	travel	"Kuma surun na, i ka mɔbili natili ye cogoyaɲuman ye k'a woyazi jan kɛ nka ""kɔlisigili"" ka gɛlɛ."
867	travel	Woyasikɛla basigilen ani seba camaw ma se k'u yɛrɛ sɔrɔ ka da jamana taganyɛfɛ woyasi tabolo kuraw kan, yɔrɔmina tabolo fitiniw degiliw be fara ɲɔgɔnkan teliyala.
1647	geography	kalu sanfɛra dilan neno ni farakuruw ani cɛncɛn ye. Kalo kɔfɛra be wele ko kɔfarajalen.
1166	entertainment	"Bɔlɔlɔsobɔlɔlɔsira ko a kɛnɛ in ma ko "" ɲɔgɔlɔnkalansokɔrɔ min na na ni yokorofɔlisenkura ye min bɛ dankari kɛ adamadenya la!"""
1882	politics	Kɔfɛ gɔfɛrɛneman fɛɛla ka sɔn nin sɛbɛnw la be yɛlɛma cogoya ba la.
299	politics	Kumasen filanan in, min ye gɔrijigɛni ni gin jɛ balili yira, be se ka sariya furuw dayɛlɛ waati nataaw la.
1582	health	Lameriki jamana kɔnɔ, mogɔ bɔɲɔngo ba 400.000 nzɛbɛn bana (MS) ɲɔgɔn camaw d beyi, k'o kɛ kunkolola bana fɔlɔ ye denmiseniw ani mɔgɔkɔrɔbaw camancɛ taw la.
1568	politics	Kelen kun jira George Washington ma Zuyekalo tile 6, min y'a kalan a ka kɛlɛkɛden kuluw ye New York kɔnɔ Zuyekalo tile 9. Sɛbɛn fotokopi de sera Londres Utikalo tile 10.
1027	science/technology	Sabula dinosoriw sikalaw ma janya ka ɲƐ, min ni a be wele ko rasi, ɲa siiw kƐcogo wƐrƐw be a ala – siikisƐ ni sii - ɲinninlikƐbaw ye a famu ko rasiw tun be janya ka bɔ u yƐrƐla a cogoya tow kɔfƐ.
377	science/technology	"Anw bɛ tile kɔkanna fan min ye n'an bɛ tile lajƐ tɔgɔ ye fotɔsefƐre, min kɔrɔ ye ""yeelen kuru""."
759	travel	Jatigiya falen falen erezo ye ɔriganizasiyɔn ye min woyazikɛlaw ani dugu mɔgɔw u be ka min lajɛ tukuɲɔkɔn na.
1088	science/technology	Dɔnnikɛlaw sera ka sɛnsɛn ko fɛn fimaw ka ko be se fɛn fima wɛrɛ ma cogo kelen min na fɛn gansanw fana ta be se.
959	travel	Nka, Star Alliance be ta fan bɛɛ foka ɲinbɔ Pasifiki kɔrɔn an'a worodugu yanfan la kabɔ Santiago de Chilie ka ta Tahiti, min LATAM Oneworld ka wɔli ye.
1128	health	A dara o la k'a sabu kɛ hakilinaɲuma bayirikaw cira a ma ka maguwan don a la musow ni cɛw fɛ k'a ka a ɲini ka bangekɔlɔsi jateminɛ furakɛli dɔ ye.
368	science/technology	triceratope ɲinw tɛ furaburuw durɔn ɲimi nka jiribolokolojalenw ani ndiliw.
1612	travel	Jigisilila, mɔbilibolilaw be tabolo ta kategori jɔnjɔn do kɔnɔ; sirikilasiyɔn bolili be tugu boli hakɛyale dɔla ani be seka sɛbɛn cogogɛlɛna nin mati ye.
635	science/technology	Nin ni makan ye, ɛman foro and aradiyo jikuruw be seka to atomuw be siɲali fitiniw di.
861	health	So, ko sababu kɛ waatibɛɛ bilali ye maarayɔrɔ banakisɛ la, a ka c'ala i lakana neno kabɔ nin bana ninunw ma.
700	travel	U jagoya fɛnw ninunw dabɔra ka taka seginw dilan senkan jamana fila ni ɲɔgɔncɛ.
278	politics	Etats Unis jamanakuntigiso'kumalaserakɔrɔ Newt Gingrich ye jɔyɔrɔ filanan sɔrɔ ni 32 ye kɛmɛkɛmɛ sarada.
1326	science/technology	mɔgɔ caama ye ɲɛɲini i ni baarakɛminɛ hardware ni software ye fewuriye kalo daminɛna o kɔ a jɛnsɛnna tarata don.
116	science/technology	Koɲɛɲininaw sikara sankolodolo Enceladus la min bɛ baara la dugukolo kan n'a bɛ se ka kɛ Satirini ka e kooli  sumaniba ye.
1034	science/technology	Yelen ni mununmununni be labaara ɲɔngonfƐ ka kalo Rossby hakƐ dɔn, min sirilen do pelasema ji woyoli la.
450	geography	Serengeti forobakungobagawmarayɔrɔ, Ngorongoro fɛnkɔrɔwmarayɔrɔ ni Maswa Tolonkɛnɛ Tanzani kɔnɔ ani Maasai ForobaKɛnɛkɛrɛnkɛrɛnni Kɛniya kɔnɔ bɛ Serengeti mara kɔnɔ.
1019	entertainment	Sugantili dɔ ninnu be taali kɛ filimu, filimuɲama, sinenmantogarafi, donfiniw, filimu dilancogo, fɔlikan danma, dilanni hakilina,  mankan sigicogoɲɔgɔnkan, kƐnƐlabarali danma boli bƐƐ la ɲuman.
26	sports	A ka o suu in celu filanan tun ye a ka sƐsɔn  celu 60 nan de ye, min be ale kƐ n’tɔlɔntila fɔlɔ ye ka celu 60 do walima ka caya nin sƐsɔn kelen celu donen ye kabini san 1995-96, waati nin ni Jaromir Jagr ni Mario Lemieux bƐƐ kelen kelen na sera o  hakƐ in ma.
1292	sports	Ni NPWS ni Farikoloɲɛnajɛ Kisɛcilaw ka Ton ka baaranɔgɔnya (NSW) inc ye, Yɛrɛbɔla jolenw sugandila farikoloɲɛnajɛ Kisɛcilaw ka Ton baarasira hokumu kɔnɔ.
1795	travel	Saint Petersburg mɔgɔta batɔn be dugu waati ta. Batɔn woyazikɛlaw baleleno ka bɔ wiza tali laɲininw ma (Benkanw lajɛ).
939	travel	D'ala k'i ba dɔn min ani min tɛ seka dɔn ani fɛnw bɛɛ kofɛ minunw tɛmɛleno sariya danakan.
693	geography	Jesusalem ye Israel faba ani tugu ba ye, ali na sɔrɔ jamana tɔw ani Diɲɛforobatɔnba ma sɛbɛntiya fɔlɔ inafɔ Israel faba.
778	science/technology	A beka falen fitini dɔrɔn nin a bana, ani be rezolisiyɔn di min be seka suma nin sisan DSLR ye.
1147	health	Baɲumakɛtɔncakɛda kɛnɛya na sira kan i n'a fɔ Medical Charity Mangola, Medecin Sans Frontieres ni DiɲɛKɛnɛyaTɔnba ko a kɛra baana bɛ la juguma ye min carila jamana kɔnɔ.
1263	politics	Ŋɛmɔgɔ min bɛ nɔnminɛniwcakɛda kunna, Kier  Starmer QC, ye kuma dɔ datikɛ bi sɔgɔmada in na min bɛ laseli kɛ  Huhne ni Pryce fila bɛɛ nɔnminɛni kan.
1847	sports	"Siki ye woyazi baara ba dɔ ye nin mɔgɔ ɛntereseni baw ye, waatidɔw la min kodɔnleno inafɔ ""siki kɛba jɔnjɔnw"", minunw b'u ka konze boloda ka ben siki ma yɔrɔ kɛrɛnkɛrɛnlen dɔla."
994	travel	Pankuruso dama damaniw dɔrɔn be alisa sudɔnli waari di, min be dɔni dɔrɔn bɔ teliya sudɔnli woyasila waari la.
927	science/technology	Duroni pani ayeropɔri dɔ walima jamamayɔrɔ kuna tɛ waaticama hakili ɲumanw ye, ali nin a dagaleno i ka maarayɔrɔla.
811	sports	Tama yɛlɛ ye kɛrɛma farikoloɲɛjɛ ye min ye ka tama kunkokɔnɔnaw la, waatidɔw la tama wotorow kɔnɔ.
285	politics	Latvia na Slovakia nĩ mabĩte kũrũgamia mũtaratara wa kuĩngĩra ACTA.
1342	science/technology	Supɔmibileman ji bɛ a ɲɛ yɛlɛma ni asidi walema basiki  (alkaline) ŋakami len be cogo minna.
1800	travel	Sira gilasi manw ani ɲɛzi man sanfɛ, minɛɲɔgɔnya ka dɔgɔ ani i tɛ seka boli komi inafɔ gudɔnrɔn gansan sanfɛ.
1297	politics	Jɛkulu in tun ye Martelly ka jaabi ye fanga taabolo lagosila jɛnsɛnnenw ma minnu daminɛna Ɔkutɔburukalo la.
1048	politics	A be lasɔmini kɛ ko mɔgɔ Si te sek'a sɛbɛntiya ko ko be senna Iraki jamanan kɔnɔ ni waati in na min be se ka tilannikɛlaw ka kɛlɛ lajɔ, ni binkanni cayali ye walima cɛrɛtin ka sin ciyɛnni ma.
547	politics	Kɛlɛkɛlaw yɛrɛyɛrɛn mɔgɔ ba 2400 kun bena ji tigɛ kilomɛtiri kɔnɔntɔn Trenton kɔkɔduguyanfan fɛ, ani tuguni tilara kulu fila ye, kulu kelen Greene ka mara kɔnɔ ani kulun kelen Sllivan ka mara kɔnoɔ, walasa ka sɔkɔmadani ataki kɛ yani tile kabɔ.
1127	health	Fluke y'a sɛbɛn ko dɔw  ka fɛɛrɛw tiɲɛna minnu tun dabɔra ka musow bali ka kuma u ka kɛnɛya  kan.
120	entertainment	ACMA fɛnɛ ko y'a ye ko Big Brother ma  bɔlɔlɔkanɲakinisariya ta, bawo kumakan tun ma mara Big Brother ka bɔlɔlɔso kɔnɔ hali n'a sɔrɔ ja tun bɛ taa ka segin na bɔlɔlɔ kan.
1113	health	Bolocifɛɛrɛw mɛn na sirala minnu tun ɲɛsinna yɔrɔw ma yɔrɔ minnu na baana tun ye dadigi kɛ kosɛbɛ k'a sabu kɛ musaga ko ani u tun ɲɛsinni do baanawɛrɛwkɛlɛ ma minnu tun y'u ka jɔɔrɔnafɔlɔ ye.
1442	politics	Ikomi jabijɔnjɔn ma sɔrɔ o fɛɛrɛ in na, Alimaɲi tun bɛ fɛ ka o jabi ɲɔgɔn boloda a ka kɛlɛjijukɔrɔkurun na.
830	travel	Furɔntiyɛri dɔw la, tirɛ kontureliw be kɛ tirɛ bolitɔ ani i kan karididantite ɲuman bila i kun tumamina i bena dɔ nin tirɛn  ninunw la kelen kɔnɔ.
1824	travel	Woyasikɛlaw minunw bena jamanaw la nin takisi ka gɛɛlɛ be seka waari cama ba mara, kɛrɛnkɛrɛniyala minɛnw kuna inafɔ alikɔli minfɛnmaw ani sara.
1533	health	Cogoya wɛrɛw dɔgɔn dɔn tabolola bɛ seka kɛ ji man fɛnw cama miliye (kɛrɛenkɛrɛniyala ji walima te, sugunɛ cayala dɔnlen dɔ) yan'i ka sunɔgɔn, min be karaba ka wili ka sugunɛ kɛ.
1982	entertainment	Kodoninfin faleni lajɛliw, min kodɔnlen inafɔ hanami, kɛra Japon tabolo dɔ ye kabini siyɛkili 8 nanla.
657	health	Tile janba tilema fɛ be seka sunɔkɔbaliya kaɲɛ kunbalan nati ani kɛnɛya kunbalanw.
948	travel	D'ala kafɔ ko waatimina nin batɔn jɔ yɔrɔw la fɛn bɛɛ bena jɛya kaɲɛ kosɛbɛ. I bena batɔn ɲinin na wɛrɛw ben ani u bena u ka kuanfoni d'ima.
1892	travel	ũgĩcoka mũciĩ kuma bũrũri wa nja nĩũkoragwo ũmenyerete ũdũire mwerũ na ũgateanĩria maudũ mamwe ma ũdũire waku.
1707	travel	Casablanca kun ye yɔrɔ nafan ma fitini yɔrɔ ye sanila Maroc kɔnɔ.
1729	geography	Sunbarbans ye diɲɛ kɔkɔjidabolo ba ye, min janya ye kilomɛtiri 80 ye (50 mi) ka ta bangladeshi kɔnɔ ani Inde dugukolo kan kabɔ kɔkɔjidagolola.
1574	science/technology	Jateminɛla, ordinatɛriw fɛnw fɛn be baara la bibi in na sinsin leno kunafoni la yɛlɛma yɛlɛma la baarali kan min kode nino nin jateden fila fila cogoya yala.
692	travel	Angkor Pass mako kabɔn ka dn tanpulu kɔnɔ, ola kana ɲina kana n'i ka pasipɔri ye i fɛ nin be ka ta Tonle Sap.
1155	geography	"Kuluwodondaw bɛɛ minnu tɔgɔ tun ye ""Balimamuso Wolonfilaw"" ye, janya dɔgɔmani ye k'a bɔ nɔngɔnɲɛ 100 la ka taa nɔngɔnɲɛ 250 la ( ka bɔ senɲɛda 328 la ka ta 820 la) kɔnɔbonya na."
1810	sports	Tokyo bena kɛ Asie dugu kelen dɔrɔn ye ka Olympique tilemafɛ zuye kun bɛ, nin zuyew kun bɛli ye san 1964 kɔnɔ.
64	politics	Laɲini in yɛrɛ yɛrɛ sƐbƐnna Sao Polo mɛri kɔrɔ fɛ, Marta Suplicy. Sariya in taliko, a yɛlɛmanen kɔ, a be Roberto Jefferson bolo sisan.
1330	politics	"a ye ŋunuŋunukanw kɛ ""pɔlitiki baaro ni nalomaya ye""."
1448	politics	Ani fangabolo kelen o kelen ni ɲɔgɔn cɛ, kabilatilanniw ka waati tun tɛ kelen ye. O waatiw la lakodɔnniba tun ye MasamaraSaba ka waati ye min ye san 60 kɛ Han ni Jin Fangabolo ni ɲɔgɔn cɛ.
636	science/technology	San ba 1970 kɔnɔn Raymond damadian, dɔkɔtɔrɔ ani dɔni ɲɛɲilikɛra dɔw,  ye ja dili ni makan ye ju dɔn inafɔ dɔkɔtɔrɔ sɛgɛsɛglikɛ baara minɛ.
1677	science/technology	Misaliw dɔw ye sɛgɛsɛgɛli ye, bilalisenkan ani pilanifikasiyɔni, se ka kiliyanw ka ɲininkaliw jaabi ani tigɛla sɛbɛni dɔnli, kan ani ɲɛda.
1398	entertainment	 N'aw ye National Treasure filimu in lajɛ, aw be se ka miiri ko waribon ja dɔ sɛbɛnnen do Yɛrɛmahɔrɔnya Ɲɛfɔli Gafe in kɔkan.
1605	travel	Nin boli fɛn in kɔnɔ min be takasegikɛ, mɔgɔw be tugulen cogodɔla nin, ani b'u jukɔrɔma dɔndɔn, tiransipɔri fɛrɛɛw la min sirileno no yɛrɛtɔgɔla mɔbiliw kan.
982	travel	Ali nin i be ka mɔbili boli kunkofin kɔnɔ, sekɔni dama damaniw nin mɔbili da yɛlɛli ye waatimina i be dɔn a kɔnɔ be seka to sosow be dɔn mɔbili kɔnɔ nin i ye.
366	science/technology	farikolo yɔrɔ min jɔyɔrɔ ka jɔli ko la o ye sɔnkun ye, min bɛ jɔli fili.
1651	science/technology	Nin hakilinaw b'a jira ko mɔgɔ makɔ walima nege dɔw be mɔgɔ ra min dumina u kɔnɔ waatimina u be kɛ baliku ye.
941	science/technology	Tumanina nin i degila sɛbɛni sɛbɛn kɛcogoya ani sɛbɛn kɛliw la ɛntɛrɛnɛti sanfɛ, ola kɔfɛ, i be sekana lala i yɛrɛ ka ɛntɛrɛnɛti siti dilan,
876	health	Nin mɔgɔ minunw deli dɔkɔtɔrɔw ka kumakanw kan, daɲɛw yɛlɛmali ani minɛli tɛ kɔrɔ kelenw ye.
661	entertainment	Waatila dɔngili, filimuw ani sɛbɛeniw ɲɛfɔli ani tabolo kodɔnlen y'a dugu dɛmɛ ka ɲɛnɛmaya ani a tamasiyɛnw dɔnlen diɲɛ fanbɛɛ.
1112	health	Encephalitis-bolocifura miliyon caman fɛnɛ layidu tala maraɲɛmɔgɔw fɛ minnu bɛ na kɛnɛyajɛkuluw dɛmɛ baana in ɲɛsigili la san wɛrɛ.
1329	politics	Cuomo, san 53, kɔnna k'a ka  maraɲɛmɔgɔya daminɛ ɲina ani a y'a bolonɔn bila sariyaɲɛbila sɛbɛnna min bɛ cɛ ni muso kɛ keɔen ye kalo tɛmɛni.
1053	politics	Mrs Kirchner y'a kan bɔli ɲɛmɔgɔya ɲini ɲaniya jiira Arizantine kɔtɔbaso la, a y'a ka san 2005 Buenos Aires marabolo wasadenya ɲinini wulikajɔ daminɛ  o yɔrɔ kelen in da la.
1948	travel	Hakɛto hakilito ala k'i beka kɛrɛnkɛrɛniyala kaburu camaw yɔrɔ de lajɛ, ani fɛnɛ yɔrɔw min nafan tɛ dɔn kaban diɲɛ mɔgɔ fan dɔw fɛ.
923	science/technology	Sirasɔrɔli nin sɛriwisi dɔw la ye waatidɔw la tɛmɛli nɛgɛjuru sira folama fɛ min be seka wele kabɔ telefɔniw camaw la ka sɔrɔ ima dɔrɛ bɔɔ,
173	science/technology	K'a tugu kɔkɔji jukɔrɔla jaw la,  kurun tununen in yera ni ROV dɔ ye.
1087	science/technology	Inafɔ kalo be samanifanga lawaleya dugu kolo kan cogo min, n'o be nani samasamani ye, o cogo kelen in de la dolokulu Milky Way be samasamani fanga dɔ lawaleya Sagittarius dolokulu kan.
1328	science/technology	ɲɛɲinikɛlaw jigi be a kan k'a famu pilanƐtiw danra cogodi min, kƐrƐkƐrƐnnen yala dugukolo danra cogo min, kabi ni doloɲɛdumanw ni dugukolo gosira  ɲɔkɔn kun ka naa se fo sisan.
914	science/technology	Sinsan sinsan kanbayɛlɛmalan apilikasiyɔn - apilikasiyɔn minunw be seka gafe fanw baw bayɛlɛma yɔrɔnikelen kabɔ kan dɔla ka ta kan wɛrɛla.
1341	science/technology	A bɛ fɔ ni ma dannifɛnw bayɛlɛman. i bɛ se ka jiralikɛla dilan ni supɔmibileman ji ye.
336	entertainment	"K'a laban, Turquie donkulu Fire of Anatolia ye ""Troie "" kɛnɛyira kɛ."
1005	entertainment	San 2017 laban, Siminoff bɔra sanni teleso la QVC.
1671	science/technology	Sira min be nzɛbɛn banaw ani tabolo be dɔnibaw ka ɲɛɲinili jugɔrɔma dɔndɔn.
1597	science/technology	Hershey ani Chase ye bakiterifagana walima banakisɛw nati k'u yɛrɛ ka adayɛni dɔn banakisɛ kɔnɔ.
1008	health	Faarikolo dƐmƐlan jii dɔ, ZMapp, ye jiira ka bese ka nɔbɔ  fɔlɔ kƐnƐkan ye, ɲa kalanw ye a jira ko a nafasɔrɔlen be dɔgɔya ni hakili  be min ma saaya kunbenniko la.
1313	health	K'a to baara la dɔkɔtɔrɔso la Lippins ye koɲɛɲini daminɛ denw ka kɔnkawolosɛgɛn kan ni baara t'a bolo wati min na.
665	travel	"Lajɛli ""tigitigi"" ye ka pan ka Orlando ayeropɔru la, ka bisi ta ka o yɔrɔ Disney ɔtɛli, ka dugunu fila ɲɔgɔna kɛ yani kabɔ Disney dugu kɔnɔn ani ka segin so."
242	geography	Diɲɛkoɲɛɲinimansinw tani kɛrɛfɛ, kalosiraciden fana ye  Ɛndu jamana jɔnjɔnlahala ta, min ɲɛkɛnna kɛrɛ bɛɛ fɛ.
383	politics	Mbũtũ ĩno yatongoretio nĩ Olaf Trygvasson, wa kuma Norway na ũrĩa warĩ na kĩoneki gĩa kũhonokia bũrũri wake kuuma utongoria wa andũ kuma Denmark.
954	travel	Turkish Airlines be ta yɔrɔ 39 de la Farafina duguw 30 kɔnɔ inafɔ san 2014.
979	travel	O be seka farati ye nin woyasikɛla be kontiniye ka hakiliwasu wasu ye, fagan ɲumaba cɛnlila ani ji tɔ.
217	sports	Kala in kakan ka sɛmɛntiya CIO bɛɛ fɛ aka Copenhagen Ɔkutɔburukalo ɲɔgɔnye la.
1036	travel	A ka taama senfƐ,  Iwasaki  ye gƐlƐya caman sɔrɔ siyƐn caman.
1583	health	Nzɛbɛ bana (MS) ye bana ye min be fasa sira caman cɛ ta juruw minɛ, minunw  ye nzɛbɛn, kɔkolo ani ɲɛ fasaw faralen ye ɲɔgɔ kan.
1063	sports	Camacɛ kulu gosilikɛlaw, Sachin Tendulkkar ani Rahul Dravid ye baara ɲuma kɛ w'u ye kɛmɛ boli jɛɲɔgɔnya kɛ
458	science/technology	O be a to zumew da dumanw be labarali be gƐlƐya yeelen fƐgƐman  lahalayaw la min ni felasi tƐ ala.
831	travel	Sufɛ tirɛnw minunw dabɔla sunɔkɔ kama, tirɛ bolila be seka pasipɔriw faraɲɔgɔnkan walalsa i ka sunɔgɔ kana tikɛ.
220	sports	Aka safali bɛɛ la a tun y'a fɔ k'a be farikoloɲɛnajɛ faden Biritanikaw kɔkɔrɔmadon olɛnpik ɲɛnajɛw la min beka kɛ Londoni.
1119	health	Sirabakasara kɔɔfɛ, Gibson taara ka taa dɔkɔtɔrɔso dɔ la, ɲa a saara waatini o kɔfɛ.
1650	geography	Tasumajisisikuluw camaw be sɔrɔ fan gɛrɛlen na bari kɔfara jalen ka min sen. A kun ka nɔgɔ tasumajima ka yɛrɛ fo sanfɛla la.
813	sports	Tile tama sira ɲɔgɔn ma gɛrɛfɛ mako labɛniw dɔni na, ani mɔgɔ min galabu ka kɛnɛ hakɛyala be sek'o kɛ nisondiyala.
1353	science/technology	filikurun belebele bɛ senkan ɲɛjanɲan 100 ta walasa ka satellite walema telescope bila sanfɛ.
925	science/technology	Nin fɛn dɔ fototali ma daga, ola i man ka miri ali k'a filime,
1164	science/technology	Nbalankɔnɔɔridinatɛri Asus Eee,min sɔngɔnɔgɔya ni barasinsinbeerew ye diɲɛ labɔ kɔsala in na, tun kɛra kumakun dɔ ye Tayiwani bɔlɔlɔkalo la min kɛra san 2007 Taipei.
273	health	Hamin kɛra ko baanabatɔw kana na baana bila mɔgɔwɛrɛw la u taatɔlaman u ka don o don baaradaw la ni murabaanakisɛ taamasiɲɛ dogoni to u la.
947	geography	Laki Onega fɛnɛ tuguleno fɛnɛ Ŋolga la, ola nalila kabɔ Caspian Sea ka tɛmɛ Russie be seka kɛ alisa.
1191	politics	Bachmann, min tun ye jɔnjɔn Ames Straw Poll sɔrɔ Uti kalo la, y'a ŋanuya ka yɛrɛkofɔ jɔ.
1070	politics	Kabini jamana Marabaaw ye u kun do Marsey kɛnɛyaso musakabɔ la Devonport Tasmani jamana na, jamana Marabaaw ni jamana MP dɔw ye lagosili kɛ ni sariyasen in na ko o ye yɛlɛmayɛlɛma ye ni kalata in ɲɛkɔrɔ min be fili Nowamburu kalo la.
497	health	U jola tigɛli sira fɛ walasa ka banabaatɔw kisi kɛlɛbɛ ma ani sirili ni jolisiraw digili ye walasa ka joli munumunu kunbɛ.
1914	travel	"Finland nĩ kwega mũno gwa gũcera na tutarũ. ""Bũrũri wa maria ngiri"" ũkoragwo na makiri ma islands, thĩinĩ wa maria na archipelago cia icũainĩ."
360	science/technology	ja wɛrɛ bɛ kisɛniw jira min bɛ ka photons fili. ka sikanan bɛ bɔ a la, tuɲanna photons ka dɔkɔ kojuku ka tɛmɛ ja taw kan.
1549	politics	O waatikelen na, Alimaɲi kɛlɛkɛ bato kulu, ye U-boats nati kɛrɛnkɛrɛniyala, kun beka laɲinin ka bato boli jɔ.
186	travel	Mɔbiliba in tun ŋɛsin na  Six Flags St. Louis ma  Misuri walasa  kulu in ka fɔli kɛ konkafeere jama fɛ.
598	science/technology	Robert Hooken balofɛnw kalanba dɔ kabɔ Angiletɛri, ye fan naaniw ye jirifara kɔnɔna jila nin mikorɔsikɔpu ye.
163	travel	Dugujukɔrɔfɛn ɲinini lagosili kɛ kɔkɔjikurun Avenger tun be aka sira fɛ ka taa Puerto Princesa Palawan.
537	travel	Nin mɔgɔ dɔ ka yɔrɔlajɛli kun ye ka ta yɔrɔ kɛrɛnkɛrɛne dɔla walasa ko tariku dɔ ani tabolo, o la o o yɔrɔlajɛ cogo dɔnlen no inafɔ yɔrɔtabolodɔn yɔrɔlajɛ.
365	science/technology	o kɛkun ye tasuma min bɛ woni kɔnɔ yeelenbaraninɛgɛ bɛ sigi yɔrɔ minna bɛ se ka i jɛnni kɔsɛbɛn n'i makara woni walema yeelenbaraninɛgɛju la k'a fan dɔ sɔrɔ woni kɔnɔ.
918	science/technology	Yɔrɔɲinin apilikasiyɔn itilizeli i ka telefɔnila be seka kɛ sira nɔgɔmani ani lafiyalen b ye ka yala tumamina nin t'i ka jamana kɔnɔ.
944	travel	O be seka fɛnɛ sira ɲuman ye k'i ka waarimaralen sama ka ta ɲɛfɛ k'i ka toli janya cogoyadɔla bari alakamabaaraw camaw be so ani dumuni d'ima ani dama damaniw be sara fitini di.
1856	travel	K'i to maara in kɔnɔ, i be seka furɔntiyɛriw tikɛ hali i ma tɛmɛ pasipɔri lajɛli yɔrɔw fɛ tugun.
10	politics	Taalen 11 h 29 waati , lajƐ taarase fɔ Whitehall kan, ka tƐmƐ Trafalgar Square fƐ, fo Strand, ka tƐmƐ  Aldwych fƐ ani ka  yƐlƐn Kingsway fƐ ka i kunsi Holborn ma min  ni kɔnseriwateriw ka polotikitɔn be a ka tilemafƐ ɲɔgɔnnajƐrƐ ke Grand Connaught Rooms dunanjigiso la.
893	geography	U ma makan kosɛbɛ, ola sira janya ka tɛmɛ Transantartic Mountains gɛrɛfɛ walasa ka ta kulu la.
282	politics	Mĩrũrũngano ĩngĩ nĩĩhanĩkĩte maturainĩ ma Paris, Sofia thĩini wa Bulgaria, Vilnius thĩinĩ wa Lithuania, Valetta thĩinĩ wa Malta, Tallinn thĩinĩ wa Estonia, na Edinburgh na Glasgow thĩini wa Scotland.
1362	science/technology	waranikulubaw bɛ kow kɛ i n'a fɔ bakɔlɔwulukulu walima wulukulu, bankan munuw dabaliban bɔlen do warabaw fɛ ( nka jakumakunba tɔw kɔ tɛ) kɛcɔgɔ la, ani u b'u balo faka.
530	sports	Gɔlifu ye farikoloɲɛnɛjɛ je min n'a zuyebaw be jiri fɛrɛn do labaara ka balɔn bugɔ ka dɔn wɔni kɔnɔ.
730	travel	Kulu yɛrɛ yɛrɛ be Howe Sound kɔnɔ, Vancouver kɔfɛ dɔrɔn, ani ta ka di ni jisanfɛ takisi bolodalen ye kabɔ Grandville Island ka Vancouver dugukɔnɔna.
840	entertainment	Nka, kazino minunw bɛɛ tɔgɔfɔla sanfɛ be mininfenw feere, ani u camaw be ɲɛnɛcɛ mariki tɔgɔ dɔ nati (Fɔlɔfɔlɔ bele belebaw be Albuquerque ani Sanfe gɛrɛfɛ).
698	travel	Equateur b'a jagoya Cuba dugudenw ka weleli sɛbɛn sɔrɔ yani u ka dɔn Equateur kɔnɔ diɲɛ ayeropɔriw fɛ walima duguma siraw danw fɛ.
1826	travel	Nin i ma deli kunkokɔnɔna siraw bolilila, i janto kosɛbɛ: yɛlɛ ka jigi garo garolen, sira fitiniw, ani sirafaran tileninw be fan bɛɛ.
339	health	O yɔrɔni bɛɛ, sirakankasarakɛnɛyamaakulu dɔ ye dɛmɛ don a ma ka taa dɔkɔtɔrɔsodeni dɔ la a saara yɔrɔ minna kɔfɛ.
226	science/technology	A lakodɔnna a nɔ dɔrɔn de fɛ diyɛn lasamani na.
24	sports	A ye bi 2 do ni ka dƐmƐdo  ko 2 ni balon diili ye sen min fƐ 5-3 sebaaya sɔrɔla Athlata Thrashers kan Whasington.
1117	entertainment	"A bolonɔn 1000na tun ye "" Suwɛdi masakɛ ka kobacɛɲinkɛlenw"" ye minnu sɛbɛra David Klöcker Ehrenstrahl fɛ san 2000, n'u kofɔra Guinness Book ka  Diɲɛjɔnjɔnw kɔnɔ."
1792	entertainment	Hakilito ala ko ali na sɔrɔ sanfɛ dɔngili bana, fɛti fanw dɔw be seka dɔngilida fo sufɛlala.
674	travel	Dɔnila Farafina Wɔrɔdugu yanfan fɛ mɔbilila ye cogoya ɲuman ba ye k'o maraw cɛnan ye ani ka se yɔrɔw la minunw tɛ kɛ turisiw tɛmɛ siraw la.
1098	health	Nka, XDR-TD sɔgɔnijɛ minɛ jamakulu ka dɔgɔn hali sisan; sɔgɔnijɛ banabaatɔw la ni mɔgɔ 6,000 ye mɔgɔ 330,000 kuuru la minnu ye bana in sɔrɔ waati dɔ kɔnɔ Sidi Afiriki.
892	travel	O ye nɛzi faralen ye ɲɔgɔnkan nin digɛnw minunw falen o ani tamasiyɛnlen no nin dirapow ye. O woyasi be seka kɛ nin tirakitɛri kɛrɛnkɛrɛnlenw ye, jiri samataw nin taji ani fɛnw ye.
380	science/technology	Ola, san daman-daman o kɔ 1639 san, Angilɛ dugukolokoɲɛɲinikɛla min tɔgɔ ye Jeremiah Horrocks ye Venus yɛlɛma-yɛlɛma jateminɛ.
921	science/technology	Butuki wɔniw bɛɛ faleno telefɔni pisi pirepeye aranze ɲagamuniw la min be seka itilize telefɔni kirediman saralenw la walima telefɔni gansanw.
65	politics	Mɔgɔmurutilew jigi be ka bɔlɔlɔ kan sɛbɛn miliyon 1.2 fara ɲɔgɔn kan ka ɲɛsin Jamana Wasabulo ma Nowanburukalo la.
912	science/technology	Jagoyalen tɛ fɛnɛ ka maarayɔrɔ nɛgɛjuru dɔ ta kabɔ i be ka balo kulu min cɛra la; i be seka sateliti ɛntɛrɛnɛti konɛkisiyɔn sɔrɔ Chicken, Alaska kunkokɔnɔnaw la ani ka nɛgɛjuru dɔ sugandi min b'a jira k'i be Arizona tile la.
987	geography	"Nin kulu janw be jira waatidɔw la inafɔ ""Vidde"" min kɔrɔ ye jiridan yɔrɔ kɛnɛjɛ bele beleba, dan tɛ yɔrɔmina."
819	travel	"Nin i be woyase, sigi a kana kow tɛna kɛ inafɔ ""so"". Kɛjogow, sariyaw, dumuni, sirasariyaw, siyɔrɔ ani baloco sariyaw, kan ani dɔ wɛrɛ tɛna kɛ inafɔ i kun be yɔrɔ mina cogoyala."
798	travel	Kontara sɛbɛn kelen fɛnɛ di i woyazi kɛɲɔgɔnw ma ani balimaw walima tɛriw so minunw b'a fɛ ki dɛmɛ.
1035	science/technology	Ni Rossby hakƐ ka dɔgɔ kɔsɔbƐ, o cogo kelen in na kalo be kisƐya dɔnin ka kƐɲƐni   maɲetiki yƐlƐmaliw ye.
1228	entertainment	Jamana in dɔnkilidala tɔgɔbatigiw ye bahjans fɔlikɛ, walima bato fɔli, Shri Shyam sen kɔrɔ.
1039	science/technology	Nin be a to a ka se ka waati tƐmƐlenw 802.11a, 802.11b ni 802.11g be ɲɔgontaa, fo a jɔyɔrɔ yƐrƐyƐrƐ ka arajo fila sɔrɔ.
1375	science/technology	falenfɛnw bɛ oxygene dilan mɔgɔw bɛ munuw saman, ani u bɛ dioxyde de carbone ta mɔgɔw bɛ munuw bila ka bɔ (o kɔrɔ ye k'a fili ka bɔ nun fɛ).
772	entertainment	Diɲɛ Sugu dɔ (kodɔnlen inafɔ World Eɲposition walima Expo dɔrɔn) ye diɲɛ ariw ani dɔniyaw ka fɛti ye.
735	travel	Sirena ye lakɛli sigiyɔrɔ kelen dɔrɔn de yemin be siyɔrɔ di ani dumuni kalamaw kafara sigili kan. La Leona, San Pedrillo ani Los patos be sigiyɔrɔ dɔrɔn de di nka dumuni tɛyi.
1350	science/technology	n'i ye mɔgɔ wele min cɛ janya bɛ taa nɔkɔn ɲɛ bacaama na, i bɛ k'a kɛ satellite fɛ.
1419	geography	"Ala ni gunwtinsan/kulu sababu la min bɛ Zapɔn bolo, waati dɔra a bɛ fɔ Zapɔn ma, jamanakalan ka yecogo dɔ la , ko ""gunwkulu"" dɔ."
1601	travel	Kunkokanu yɔrɔlajɛli be mɔgɔ camaw sama min be fɛka kunkonɔ yɔrɔw lajɛ k'o kun k'o yɛrɛ lajɛli damu ye, nin jiriw ye ani kunkokɔnɔ baganw.
1812	sports	Abɔli ama sariyaw be falen, nka inafɔ Marisi laban na, bɔli ama sariyaw ko sababu kɛ korona banakisɛ ye te sama ka ta fo Zuwekalo 2020, nin Olympique zuyew bolodara kura ye.
270	sports	Kabi ni  o kƐra, Bresil ka den y'a yɛrɛyira maci 53 la kulɔbu ye ntolantankɛ a bɛɛ la ani a ye bi 24 don.
1920	travel	O kɔrɔ ye ko i be seka ladala duguw lajɛ tile fila dafalen kɔnɔ tumamina nin segini ani silili batɔn kɔnɔ sufɛ.
1431	science/technology	sisan yangan caman ( misali la, APS yanganw) ni lahala kunnafoni bƐƐ ka kan walima be surunɲa kɔsɔbƐ.
832	travel	Tɔgɔsɛbɛnli ye laɲinin wɛrɛ ye wiza sɔrɔli siratamala.Jamana dɔw la, i kan k'i ka piresansi kɔfɛ ani yɔrɔmina i bena tɔyi adirɛsi nin maarayɔrɔ famaw ye.
1769	politics	Yɛrɛmahɔrɔnya kɛlɛ waatila min labɛn na Mau wilikajɔ kulu ma, faraɲɔgɔnkan gansan dugu kɔnɔ labana ɲɛmɔgɔba Tupua Tamasese Lealofi III fagalima.
130	politics	Bii cikan sela marayɛmaw ka ŋanuyaɲumaya ma mi kɛla ɲina marisi kalo la walasa ka   tirɛnwotoro wɛrɛw jikɔrɔmatonto.
955	travel	Nin woyasi waati wɛrɛ b'i bolo, a ɲinin ka lajɛ cogomina i ka tike waari faralenɲɔgɔn kan ka ta Farafina be suma nin diɲɛɛ turu kɛli tike waariw ye.
47	sports	Jonny Reid, New Zealand pakurubilola tɔɲɔgon A1GP kulu la, dona tariku la sabu a ye pankuruboli bɛɛ la telima kɛ ka tƐmƐ Auckland Harbour babili kan, min sii be san 48 na, siriya la.
1038	science/technology	Nɔremu 802.11n be barakƐ fiɲƐsira 2,4 Ghz ni 5 Ghz kan.
1268	health	Uka ka marifa dɛsɛra ka ci a kɛni k'a sin mɔgɔ duurunan dɔ kungolo ma. baanabanbali, ɲɛkelencɛn tun ye Schneider ka baanaw ye ani a kungolokolo dɔ tun fɔnna ani ɲɛda tun kalankalanna k'a da tetanos kan.
1418	geography	 Gunw 7.000 masurunya (Honshu y'u belebeleba ye) bɛ Zapɔn bolo, min ye Zapɔn kɛ gunw belebeleba wolonfilana ye diɲɛ kɔnɔ!
1899	entertainment	Jabaranin fanw bilara piramidiw kan ani piramidi ninunw mɛnɛlen no.
272	health	Ŋɛɲinini dɔ y'a yira ko baana ka kan ka mɔgɔ dɔnni faga sani a ka cari diɲɛ bɛɛ kɔnɔ, a y'i sɔnni sigi o kan.
943	travel	Baloli ani alakamabaarakɛli jamana wɛrɛla ye sira ɲumanba ye ka tabolo wɛrɛ dɔn, mɔgɔ kura dɔn, k' yɛrɛ dɔn, ka yecogo wɛrɛ famuya ani ali ka se kuraw sɔrɔ.
1201	health	Aigi thayũ a UN, arĩa makinyire Haiti thutha wa gĩthingithia kĩa 2010, nĩmarekũĩrwo gũtabia mũrimũ ũcio ũrĩa wanjirie hakuhĩ na kambĩ yao.
267	science/technology	Ko welela kiri la Virginie bawo so don min b'a yɛrɛ sɔrɔ bɔlɔlɔkoɲɛnabɔla AOL fɛ ye, cakɛda min ye jalakiliw juguya.
1708	travel	Medina kɔrɔlen gɛrɛfɛ, a ka nɔgɔ ka yɔrɔ sɔrɔ Maroc ladala fɛnw be fere yɔrɔminan inafɔ sokojalan, bɔgɔdagaw, goloman fɛnw, tabataganinw, ani fɛnw nafandan camaw wɛrɛwn nka a da bɔlen no turisiw kama.
928	travel	Bibi nin na, sanfɛ woyasi sigiyɔrɔ marali ka gɛlɛ pankuru baarakɛyɔrɔw fɛ kasɔrɔ ɲɛɲininli ma kɛ fɔlɔ ani piri sumani.
1391	geography	Futeni waati in na Azi kɔrɔnseleke camancɛyɔrɔ la, so nafa tun man bɔn.
1229	entertainment	Dɔnkilidala Sanju Sharma ye sufɔli daminɛ, ka Shankar Choudhary tugu ola. A ye chappan bhog fana yira. Dɔnkilidala Khandelwal tun be k'a bilasira.
586	science/technology	Telesikɔpu nininw be lunɛti fila faralenɲɔgɔnkan nati ka fɛnw minunw be yɔrɔjan samagɛrɛ ani k'u bɔɲa.
1695	geography	Magasikari ye ula belebele ba ye, ani a dama tɔgɔla kɔntinan ye nin na kɛra kunkokɔnɔ siratigɛ fɛ.
802	health	Keneya kunbalan kuntagalajan sɔrɔli alikɔli minli damatɛmɛ wale fɛ be seka kɛ fogofogo cɛnliye ani ali fiyɛn ani saya. Farati be taɲɛ min be alikɔli kɔniw min.
1881	politics	Gɔfɛrɛnemanw sago ka pasipɔriw di nin cɛ ni musoya sɛbɛni t'a kan (X) walima sɛbɛnw talen ɲɛ ka ben dɔgɔ kanulen dɔ ma walima cɛ ni musoya be yɛlɛma.
1379	science/technology	Nacio thĩa ciayo ndaihu ciohanĩtio na makĩria ma magego mogĩ mĩrongo mũgwanja, na mangĩ mwena wa igũrũ wa kanua, ũguo nĩ ta kuuga gũtirĩ kĩndũ kĩngĩorire kana kĩhetũkĩre harĩ yo.
1550	politics	Nin jɛnɲɔgɔnw kun dɛsɛla, lala Alimaɲi kun be seka na Grande Bretagne minɛ inafɔ a kun ye Erɔpu fan tɔw.
333	entertainment	Istanbul Foroba Fɔlikulu, Janissary Fɔlikulu dɔ ni dɔnkilidalaw Fatih Erkoç ani Müslüm Gürses.
719	geography	Republic ya Dominica (Spanish: Republica Dominicana) ni bũrũri wa Caribbean ũrĩa ũkoragwo nuthu-inĩ ya irathĩro island ya Hispaniola, mahakanite na Haiti.
1780	travel	Woyazi camaw jisanfɛkuluninw la bekɛ san waatibɛɛla, ani jɔngili ko sababu kɛ nin jisanfɛkulunin ninunw dɔ ye man ca.
1841	travel	Nin sobolila fili kabɔ so sanfɛ nak sen balanleno sendalan na, u be sekana fofo duguma nin so bolila. K'o farati dɔgɔya, lakana cogoya camaw be seka ta.
471	politics	Hakilina tun ye ko Erɔpu jamanaw bɛɛ ka a ɲini ka jamana kelen bali ka fangaba sɔrɔ, o la jamanamarabulonw tun bɛ u ka jɛɲɔgɔnyaw yɛlɛmayɛlɛma waati dɔ la walasa ka fanga tilenlen to.
1634	science/technology	O be kɔ fɛnw cogoya naaniw (ɔridurula): jalen, jiman, fiyɛnma ani jɔli ji, ali na sɔrɔ a y'a fɔ fɛnɛ k'u be yɛlɛma kakɛ fɛnw kura ka dilanikɛ anw be minunw ye bi.
1255	science/technology	Sanfɛkalansokoɲɛɲininaw ye jateminɛ kɛ ka ɲɛsin kisɛkisɛni minnu sɔrɔla jakumasukunɛ la ni melamine ni acide cyanurique farani ye ɲɔgɔn kan.
845	entertainment	"Nka, bibi in na girafiti kɛlaw kodɔnlenw, girafiti tulɔnkɛbaaraw ani kokow ""dagalenw"" beyi, Girafiti desɛnw nin sira in fɛ boleno waatidɔw la desɛnbaaraw fɛ ka tɛmɛ  etikɛti kɔnlenw kan."
1776	entertainment	Faransi gulɔw cama beyi i be seka minunw sɔrɔ, nka Nouvelle Zelande ani Ɔsitirali gulɔ woyaze be sɔn ka ja lala.
1845	travel	Kulusanfɛlaw be kulusanfɛ lajɛli ɲuman baw di kabɔ legelegela.Kuluyɛlɛlaw kabɔ diɲɛ fan bɛɛ fɛ beka sira kura dilan o kɔkɔw nafan dandɔbalila.
1151	sports	Mahanĩte ta mahotereirio nĩ arĩ a mwena wa mũhuro, South Afrika nĩyeyũkĩrĩirie o mathako magĩthiaga nambere.
1054	politics	Barow ganan ni fɔɲɔgɔkɔ ye min ye ka lafiyada dɔ ci ani yɔrɔw jɔli kuraya fiyɛnkolonba Katrina tɛmɛnen kɔ, nisɔngɔ lasɔnba dɔw y'a tɔgɔ da ni yɛlɛko ye ko Bush New Orleans Benkan
1859	geography	Ɲɛfɔli be yɛlɛma kabɔ maarayɔrɔw la, nin si dan be seka surunya yɔrɔ dɔw la inafɔ Ameriki kɔkɔdu kɔnɔ ka tɛmɛ Erɔpu kan.
1007	health	Tuma nin ni pikiriji sƐgƐsƐgƐta dɔ be I na fɔ ka bese ka dɔ bɔ Ebola banakisƐ ka maa faa tala, fura fosi ma sɔrɔ  hali sisan fura foyi ma lakodɔn fɔlɔ ka an senkɔrɔ banakisɛw in kɛlɛ.
1076	politics	"Bush ka laselikɛra Gordon Johndroe ye Worodugu Kore ka weleweleda in tɔgɔda ko ""Senɲɛ Kankaran dɔ ka a ɲɛsin Kore nikiliyɛri goni dabilali kuntilenna ɲɛnɛbɔli ma."""
1099	geography	Satellite icio cierĩ, ĩrĩa ciakĩrĩtie ũritũ wa 1,000 pounds, na gũikũrũka na thibidi ya gĩkĩro kĩa 17,500 miles per hour, ciagũthanire 491 miles igũrũ wa thĩ.
1100	science/technology	Ataaramu a science maugaga mũribũko ũrĩa waumire hau warĩ mũnene mũno.
367	science/technology	jɔli bɛ dusukun na siraw fɛ n'u bɛ wele jɔlisirakumabaw ni ka segin sɔnkun kɔnɔ siraw fɛ n'a bɛ f'u ma jɔlisiradeniw. u bɛ ka fitiniw tɔgɔ ye jɔlisiraniw.
770	entertainment	Tanpulu camaw ka fɛtiw be kɛ inafɔ tanpulu ka aniwɛrisɛri walima Maa dɔ bangeli o kumu kɔnɔ walima tulɔnbaaraw wɛrɛw minw tugulen tanpulula.
279	politics	I n'a fɔ sarabacɛjamana, Florida y'a ciden taniduuruw bɛɛ di  Romney ma, min y'a dɛmɛ ka kɛ Republican Party ɲɛfɛ.
357	science/technology	Walasa k'u funtenikɔrɔ labɔ, u ka kan ka u funtenikurafaralen de labɔ u ye min sɔrɔ yeelen fɛ.
797	science/technology	Nin be seka woyaze nin ɔridinatɛri walima tabilɛti ye, sɛbɛn kopi dɔ mara memuwari kan walima disiki (min be sɔrɔ ali ni ɛntɛrɛnɛti tɛ).
211	health	Joginnin juguba wɛrɛ ma lakodon, ɲa hali ka dan mɔgɔ minw tun be a kɛnɛ kan o waati la olu furakɛra ka sababu kɛ feng chili mangan ye.
815	travel	Diɲɛ fan bɛɛ, bolikɛ kuluw 200 ɲɔgɔn de beyi. u cama be marise nin u yɛrɛ ye.
238	geography	"Anw ka dɔnta la, dolomanfɛn kelen dɔrɔn de galabu ka kɛnɛ ni Titan ye, wa tɔgɔ ye Dugukolo"",  Stofan ya fara a kan."
1636	science/technology	Fɛnw inafɔ  kalisiyɔmu ani sɛgɛn dilan  be jate nɛgɛw ye. Awɔ, nɛgɛw beyi inafɔ waatijɛ, ani sanu.
761	travel	Dunanjigina labilalenw ka lisi be d'ima ola walima sɛbɛn cogoyala ani/walima ɛntɛrɛnɛti sanfɛ, waatidɔw la nin kunafoniw ye ani ɲɛfɔli kabɔ woyazikɛra wɛrɛ yɔrɔ.
1676	science/technology	Ɲɛɲili Al kɔnɔ b'a ɲinin ka baaraw otomatize nin mansiniw ye min be tabolo keguma ɲinin.
848	entertainment	Boomerang camaw min be sɔrɔ Ɔsitirali tɛ boomerang segin ta ye. Degilikɛla kuraw man ka ɲinin ka filili kɛ fiyɛn ba la.
1089	science/technology	Hakilinasira in ko fɛn fima fanba dolokulu lamini la be ye dolokulu lamini la kori sugu dɔ kɔnɔ, w'a kɛlendon ni fɛn misɛnmanninw ye.
984	health	Hakɛ min ka dɔgɔ nin ka bakelen ye yera adamadenw la, nka o dɔw labana sayala.
305	sports	Zapɔn ka Zido kɛla Hitishi Saito, Olyɛnpiki Sanu jɔnjɔn fila tabaa, sara a san 54.
697	travel	Tariku, fuyeli ani seko ni dɔnko yɔrɔ camaw be Jerusalem, nin a sani kɛ yɔrɔw falen ba ani makananw, kafeminw yɔrɔw ani dumunikɛyɔrɔw ye.
826	travel	Kumafɔlila, u be dɔn kuluw fila kɔnɔ: walima ka baara kɛ nin i be woyase walima a ɲinin ka dansigi i ka waaridɔnta la. Nin sɛbɛn in be sinsin nin laban in kuna.
1672	health	A kun dɔna kaban kabini waati jan ko nzɛnɛ banaw cama suguyaw, hakiliwiliw, fan cɛnlenw ani fan fununinw be takolo yɛlɛma ani be yɛlɛmaliw nati kunkolo ka baaraw la.
536	travel	Kɔkɔjidaw, tulɔnkɛyɔrɔ parikiw, ani sigiyɔrɔw de ye yɔrɔ kodɔnlenw ye yɛrɛɲɛba turisiw be ta yɔrɔmina kosɛbɛ.
1909	science/technology	I ka telefɔni mariseli di ba kan ka seka kunafoni camaw d'i ma tugulila nin sɛriwisi in na.
611	science/technology	Animasiyɔn ɲuman laban be seka dilan ni ɔridinatɛri hyen, ani o animasiyɔn sugu be ka ye sinsan kaɲɛ jabaraniw ani filimuw la.
157	sports	K'a to ɲogɔndan na Keselowski ye mɔbilibolilaw ka ɲɔgɔndandangele ye ni kuru 2,250 ye.
1294	politics	Martley ye kaleni kura kɛ Kalafiliko latigɛjɛkulu kura dɔ la min mɔgɔ ye  kɔnɔntɔn ye kunu.
1803	travel	Sira wɛrɛ fɛ, gilasi ani ɲɛzi cogoyaw ye nɔrɔmali ye jamana camaw na, ani bolilisiraw tɛ jɔ san waati sila.
359	science/technology	"ɲininikɛlaw b'a fɔ o ma ""lafililijagoyalen"" bawo kisɛniw lajagoyara yeelenjɛlen fɛ, min bɛ photon yeelen fili, ani yeelen ye labɔli suku dɔ ye."
302	politics	Faransi sariya falenna. Aka kɛlɛwale daminɛna k'a to san 15 la tuma minna a farala Faransi Falennikɛlɛ kan Diyɛn Kɛlɛba 2nan sen fɛ.
455	science/technology	Dɔ be bɔ gƐlƐya in na ni lentiye dilanbaw ye  lantiye dilan hakƐ dɔw sɔrɔ minw ka ca kɔsɔbƐ
25	sports	Ovechkin ka diili fɔlɔ kƐra sebayasɔrɔli bii do tunma  degeden Nicklas Backstrom fƐ ;
1606	science/technology	Dɔni y'a jira ko nin sisijugu ba sɔrɔ ye ɲɛnɛmaya yɛlɛma kabɔ a cogo kɔrɔla min y'adamaden ka taɲɛ jukɔdɔndɔn san miliyɔn fila tɛmɛni kɔnɔ.
79	sports	Fan fila nunuw tun bena bɛn ŋɔgɔdan in cɛmancɛ la min senfɛ Noosa ye se sɔrɔ ni kuru 11 ye.
952	travel	Ali na sɔrɔ i be seka miri k'o ye miriya ɲuman ye ka ta pankuruso la i be woyase mina ka caya, i kan ka dɔ ko tɔnɔn minunw di tɛ kelen ye waatidɔw la ani pankuruta waatibɛ pɔnyin be seka kɛ ɲuman ye pankuruso dɔ wɛrɛla o kulu kelen kɔnɔ.
995	travel	Pankurusow minunw ni kɛ ye Air Canada, Delta Air Lines, Lufthansa nin pankuru woyasiw minunw kabɔ Ameriki walima Canada ani WestJet.
266	science/technology	Russie dukumakɔlɔsikɛlaw kɛni ka fililipankurun bila baara la, cakɛda seginna a cɔgɔ kɔrɔ la.
112	politics	Mr. Rudd ka hakilina ka bolonɔnbila kɛ Kyoto watiyɛlɛmabɛnkansɛbɛn la ye  Lameriki jamana to a kelenna setigijamanaw cɛma sisan min man bolonɔn bila bɛnkansɛbɛn na.
1050	politics	Gafe in be lagosili ba kɛ ɲɛnmɔgow ka ni waati mara taabolo fan bɛɛ la k'a ɲɛsin Iraki jamana ma wa ka taabolo yɛlɛmali laɲini kƐ tuma ni tuma jona-jona.
1609	travel	Muna tiransipɔritasiyɔn cogoya siraw be damagasiw natai, muna u tɛ sɔn dɔngɔndɔ? Yala tiransipɔri baarabaw tɛ se foyila wa? Walima yala fɛn fitini dɔ beka kɛ wa?
1316	sports	Siɲɛtaɲɔgɔnw fɛnɛ ye taasibilakɛ ka ɲɛsin Luna ma.
291	geography	Gĩthingithia kĩu gĩatũmire kũgie ũgarũrũku wa maũndũ kĩahanĩkĩte mweri ikũmi mweri-inĩ wa gatatũ mwena wa itherero wa volcano ya kĩrĩma kĩu.
1215	travel	Kunnafoni fɔlɔfɔlɔw  ko pankurun in damununa k'a ɲɛisin Afuganisitan jamana ma u dɛsɛlen kɔ ka jiginni karabalen  yamaruya sɔrɔ Urumqi.
1270	sports	Arabadon ɲɔgɔndan in kɔfɛ, Carpanedo ye kelenkelen ɲɔgɔdan fila kɛ Ɲɔgɔndan nunuw la.
663	entertainment	San Francisco ye fɛnɛ jamana yɔrɔba dɔ ye nin Asie dumuniw ye: Koree, Thailande, Inde ani Japon dumuniw.
91	politics	Lodin y'a fɔ fana ko famaw ya ɲaniyasiri ka kalafili in takofilana  bɔ ama walasa ka Afuganisitan kaw kisi kalafili musakabɔ ni lakanabaliya farati wɛrɛw ma.
371	science/technology	triceratopes kun bɛ se k'a dakalaba kɛ ka buluw tikɛ sani a ka yiriju dun.
1806	travel	Bagan dɔw, inafɔ samaw ani ntilenw, be gɛrɛ mɔbili la ani ekipeman nɔrɔmaliw ben'u lajɛliko ɲuman nɔgɔya.
930	travel	Ali na sɔrɔ i mako tɛna se wiza ma lajɛli fitiniw la jamana dɔw la inafɔ turisi walima baara okumu kɔnɔ, tagali yen inafɔ kɔfɛ kalanden waaticamala mako toli kuntalajan la ka tɛmɛ tagali yen dɔrɔ inafɔ tile damadɔni turisi.
33	sports	Piquet Jr.  Bilara ka bɔbarala Hɔngiri 2009 Grand Prix kɔfƐ.
0	health	Tɛnɛndo, Stanford kɛnɛya sanfɛkalanso donnikɛbaw ye baana sƐgƐ sƐgƐli minan kura do dilani kumalase min ni a be se ka seliliw suguya woloma: pisi fitifitinin do min  bese ka dilan ni Ɛnpirmanti ankirima ye US wari tama ɲɔgɔnna a kelen o kelen songɔ ye .
200	geography	Felicia, Sen dɔ fiɲƐkolɔnbaci dɔ min sigiyɔrɔmalen be Saffir-Simpson sanfiɲƐba hakƐ 4 bɔ, ye depresiyɔn tropical dɔ fƐgƐya ka kɔn a tunnuli ɲƐtaratadɔ.
873	entertainment	Nin i beka taɲɛ santi, opɔrtinite in minɛ ka jirinɔnɔ walima jirinɔnɔ gosilen dɔ ɲagama ɲɔgɔna.
774	entertainment	International Horticultural Expositions ye baara kɛrɛnkɛrɛni ye min filɛriw jira, filɛri zaridenw ani fɛnw fɛn nin o be taga nin jiriw ye.
1377	science/technology	anw bɛ falenfɛn kɛ ka anw ka sow ni finiw dilan. anw ka dumuni tilankɛw bɛɛ ye falenfɛnw ye.ni falenfɛnw tɛ, bakanw kun tɛ balo.
203	geography	SankisƐw dɔw nana ni sanfiɲƐbaw ni tunma ni tunma sanpƐrƐn.
1365	science/technology	jaraminɛjara kulekan tɛ bɔ kosɛbɛ i m:a waraba ta, nka i n'a fɔ kumasen dɔ ŋunukan, kumaden dɔw fɔlen ka yɛlɛ.
1176	sports	O tun ye ALL Blacks ka tulɔnta laban, minw tun ye jonjon sɔrɔ kaban nin ye a dɔgɔkun fila ye.
879	health	Gɔfɛrɛneman camaw b'a laɲinin lajɛlikɛlaw minun be dɔn fɛ, sigiba minunw be bɔ fɛ, jamanaw kɔnɔ k'u yɛrɛ boloci kabɔ bana dɔw ma.
110	science/technology	A tɛmɛnɔn y'a yira k'a fɔ ko a ɲɔgɔn pankurun ma dan kɔsegili la dugukolo kan, min tɛmɛ na kɔsalata kan mɛ kalo 1969 o min kɛra pankurun Apolo X kɔsegili sen fɛ.
1494	science/technology	Baloɲini sɛnɛ ye taasira nɔgɔnman ye, tuma dɔ gɛrɛgɛrɛ, min be se sigidayɔrɔ si maralenw ma k'a fara sɛnɛfɛn yɛlɛma ni baarafɛɛrɛ nɔgɔnmanw ma walasa ka sɔrɔta bonya kɔsɛbɛ.
1086	science/technology	Kulu in ka laɲini nɔ tun ye dolokulu taanikasegin fangaw fɛn fimaw ni dolokulu Milky Way tonkulu fɛn fimaw ni ɲɔgɔn cɛ
1623	geography	Amazoni de  fɛnɛ kabon ni dugulo kɔw bɛ ye, a bɔɲan be  kilomɛtiri kɔnɔntɔ bɔ  waati dɔw la.
1222	entertainment	Rɔki kulu in tun kakan ka turune dɔ kɛ Ameriki jamana ni Kanada la fo Setanburukalo tile 16.
1357	science/technology	a labanna, waranifitiniw (k'a fara ɲiminawaraw kan) munuw bɛ ka yɔrɔjan dumunimisɛn caama dun i n'a fɔ fɛn misɛniw, bagan misɛniw, basaw, ani kɔnɔw.
216	sports	Isikuwasi, Karate ani tɛrɛntɛrɛnnan farikoloɲɛnajɛw y'a ɲini ka don Olɛnpik bakuruba in na inafɔ baziboli ni sɔfitiboli minnu bɔra 2005 Olɛnpik ɲɛnɛjɛw la.
327	sports	Bobek min bangera Croatie faaba Zagreb, ye tɔgɔ sɔrɔ Partizan Belgrade tolonkɛ la.
277	politics	Massachusetts maraɲɛmɔgɔ Mitt Romney ye Florida Republican Party jamanakuntigikalatafɔlɔ ta Tarata don ni kɛmɛkɛmɛ sarada 46 kalatasɛbɛn ye.
428	geography	Tiriki dugukolo bɛ tɛmɛ kilomɛtɛrɛ 1.600 (nɔngɔn ɲɛ 1.000) kan janyan na ani kilomɛtɛrɛ 800 (nɔngɔn ɲɛ 500) kan boɲan na, ni selekenaani gɔlɔnni ye.
1709	travel	Goma nĩ itũra rĩa atarii rĩa Democratic Republic of Congo rĩrĩa rĩhakanĩte na Rwanda mwena wa itherero.
565	health	Minunw b'u sedɔn nin baaraw jɔlen na mako be dɛmɛla dimi yeli cogojuguma la ani danfara kɛlila dimi dabilabalila ani waatidɔw faridoɲɔgɔnala ko sababu kɛ dɔngɔndɔn boli boli ye.
742	travel	Ali na sɔrɔ a togɔ, a be lajɛkila kɔrɔbalen hakilijigi hawai la yani ka kɛ jamana ye ani yani turusi ɔtɛli ba ani taɲɛ wɛrɛw cɛ.
531	sports	Zuye fan fɔlɔ be kɛ wɔni tanisegin la, nin zuyekɛraw daminɛli ye waatibɛla wɔni fɔlɔla ani taleɲɛ ba laban wɔni taniseginanla.
729	travel	Bowen Gun ye tile woyazi kodɔnlen ye walima dɔkɔkun boli min kayaki, kululayɛlɛ, butukiw, dumuni kɛyɔrɔw ani fɛn camaw bil'aw ka bolo kan.
1427	science/technology	A be dilan hali bi-bi in na, ɲa janko, a ka lahalaya kunnafoni taara cɛn na jatalan nimerikiw jaa kaptelanw yangan fɛ.
865	health	Inafɔ nɛnɛkirila kunbalanw yɔrɔ sumaniw la, kɔnɔna kunbalanw yɔrɔ kalamaw la ka ca ani cogoya camaw la be mɔgɔw tɔrɔ nka tɛ farati ye.
205	travel	Miniti tan ɲɔgɔn sani a ka jigin dugu ma  a gƐrƐ ko filanan la, a tunura.
374	science/technology	mɔgɔ fanka ye kilogiramu (90) ye dugukolo kan, a bɛ kɛ kilogiramu (16) ye lo lan. o kɔrɔ ye a munutɔ bɛ i fanka dɔkɔya
275	politics	Komen taabolo in ye Planned Parenthood senbɔ k'o sababu kɛ kiriko dɔ dulonni ye min bɛ Planned Parenthood ka donwo ni a bɔwo kan Representative Cliff Stearns bɛ min ko ɲɛfɛ.
1991	travel	Dugukɔnɔ jisiraw be seka kɛ dankun ɲuman ka konze sinsin o kan.
349	science/technology	Ɲininikɛlaw bɛ baara la walasa ka yelendimansin dɔ dilan min be yelen di o cogo la.
1325	science/technology	Curtis Cooper, jate-ni-subahanamansin'kalanfa dɔ ye University of Central Missouri la, bɔra nimɛrɔ bɛɛ ka belebelekodɔnlen kan walasa ka donw jate zanwuye kalo tile 25 la.
1854	travel	Erɔpu ye kontinan ye min ka dɔgɔ cogoyala nka nin jamana camaw ye minunw y'u ka yɛrɛmahɔrɔnyaw ta. Cogoya boloda ko ɲumana, woyali kɛli jamana camaw kɔnɔ be tɛmɛli jira wiza sɔrɔli baaraw fɛɛ ani pasipɔri lajɛli siyɛn camaw la.
946	geography	White Sea - Baltic Canal be Artic Ocean ani Baltic Sea tuguɲɔgɔna, nin tɛmɛli ye Ladoga ani Saint Petersburg fɛ, cogoyala nin baw ani lakiw ye.
182	politics	"""A nafa ka bon sisan foroba kɛnɛya ni sariya tileni hakilina na ko sariyalabɛnni ka waleya joona"", Marabaw ka laselikɛla dɔ y'o fɔ.."
1288	politics	Sɛbɛn in, bɔrɔtɔli in fɛ, bena ɲɛsin dancɛ kow ma,  Palɛstini be min fɛ a ka sinsin  yani 1967 Azi bangu kɔrɔnyanfan fɛ kɛlɛ dancɛw kan.
1639	science/technology	Atɔmu ka dɔgɔ damatɛmɛ walela ko tiriliyɔnw cama be seka ku kumasen laban tomi kɔnɔ.
69	entertainment	FɔlijƐkulu in ka fɔli bɔra ama Maui Kɛlɛ Hakilijigin NtolatankƐnƐ kan, o min tun dabɔra yasa mɔgɔ 9,000 ka yee a kɛkan, wa u ye hakɛtoɲini kɛ kanubaw fɛ.
12	sports	Kɔsadaninna a ma sebaya sɔrɔ ani Raonic ka ɲɔgɔnsɔrɔla Brisbane Open la.
508	health	"""Jatekɛminɛbaliya Bana"" ye nzɛbɛn bana ye min be ɲɛfɔ kɔrɔlen nin bana saba ye, nin o ye balikakokɛ ye, tulonkɛ ani boliboli damatɛmɛ walima ""kisɛya damatɛmɛlen""."
1794	travel	Nin be Northern Baltic tikɛ nɛnɛ fɛ, kabini yɔrɔ lajɛ bari dɔni gilasi cɛra be seka mankan ba bɔ ka ɲɛsin mɔgɔ tɔrɔlen ma.
667	entertainment	Tike camaw be fere ɛntɛrɛnɛti sanfɛ ferelikɛsitiw kan inafɔ eBay walima Craigslist dɔn cama pariki tike tikɛni finitiw itilize.
127	entertainment	U ka sɛbɛnnikɛraw caman taara u yɛrɛ sɔrɔ Jon Stewart ni Stephen Colbert kunafonijɛmukankɛnɛ Era kɔnɔ.
1236	sports	Giancarlo ka mɔbili wɛsɛwɛsɛ tilala a la w'a ye ɲɔgɔndan in laban waatini na wilili kɔfɛ.
160	sports	Stewart, Gordon, Kenseth,ani Harvick bɔra ɲumantanw cɛman ni mɔbilibolitolon min bɛ na kɛ siɲɛn wɛrɛ.
1732	geography	Sundarbans be yɔrɔ kilomɛtiri ba 3850 te ta, kabɔ minunw tilan sabana yɔrɔw datuguleno nin ji ani lɛkɔnɔnaw ye.
1940	geography	Kunun Smyrna dugu kɔrɔ kɔnɔ, a ye sinsin feere kɛyɔrɔ kuru dewelope nin ye, be jida ba dɔ gɛrɛfɛ ani munu munleno nin kulu ye.
37	entertainment	Kĩbindi kĩa PBS kĩna ngerenwa cia Emmy itanyihĩire mirongo ĩrĩ na inya, na nĩ gĩkuhĩ kurĩ Saseme Street na Mister Roger's Neighborhood.
726	entertainment	Dumuni kɛyɔrɔ dama damaniw be zariden gɛrɛfɛlara, ani tileganiw fɛ ani sufɛ konsɛriw fulama be kɛ yi kabɔ Central Gazebo fɛ.
1507	science/technology	Kalan dɛmɛliw be seka ɛntɛrɛnɛti sanfɛ ani kɛnɛ kan, fɔcogo wɛrɛla, karamɔgɔ ye kalan dɛmɛli cogoya dɔ ye nka o nin Mikorosɔfiti Ofisi cɛ gulɔnen gɛrɛna bɛ ye kelen ye.
1318	sports	"Dustin ""Goldust"" Runnels y'a hakilina di ko ""Luna tun ye mɔgɔfamubali ye i n'a fɔ ne... hali ka tɛmɛ ne kan...a ko kadi ne ye ani a bɛ na ɲɛnafin bila ne la...  ne dara a la k'a b'a boloɲuman kan."""
379	science/technology	kɛrɛw bɛ kɛ yi k'a d'a kan Venus fanmi durɔn (walima kalo ta) sinna Tile ma jɛlen do. Venus kɛrɛw jateminɛna  Copernicus hakilina fɛ min ko dugukolow bɛ Tile munumunu.
1237	sports	A bolikɛ ɲɔgɔn Fernando Alonso kɛra ɲɛfɛ ɲɔgɔndan in fanba bɛɛ la, nk'a y'a senbɔ aka lafiyɛnbɔjɔli  kɔ, o sabu kakan ka kɛ kini ɲɛfɛ sen dɔnjuguya ye.
375	science/technology	farajalan tɛ tile la a bɛ jɔ min kan. tile kuturu dilanna ni sisiw, tasuma ani plasma ye.
1736	travel	Karitiye camaw tali be kɛ nin Japanese Coaster Buses ye, min lafiya kabɔn ani u jaleno.
534	travel	Lala turisimu cogoya carili kodɔnlen ye mɔgɔw be min tugu tamala: tulɔnkɛ yɔrɔlajɛli.
48	sports	Mr Reid sera ka New Zealand A1GP mɔbili, Black beauty boli k'a tɛmɛ km 160 kan nɛgɛ kanɲɛ kelen kɔnɔ babili in sanfɛ siyɛn wolowila
246	politics	"Kabi ni Pankistan y'a yɛrɛta ka bɔ Grande Bretagne bolo 1947 san, Pakistan jamanakuntigi ye ""Politikimɔgɔw"" ta ka FATA kow ɲɛnabɔ, min ka mara bɛ yɔrɔw tilan  bɛɛ kan."
1217	politics	Diyɛn ɲangiliw b'a to pankurun kuraw te se ka san.
1916	entertainment	Ona gũkorwo atĩ archipelago cia icũa-inĩ na maria marĩa manene mũno nĩ manene kũigana ndarũ oyothe, tũtarũ tũnini nĩtũrĩ raha mwanya.
1192	health	Jaatala tun taara  ka ta ni aye UCLA Medical Center la, a laban faatu ye o kɔfƐ.
559	science/technology	Kuran ɲuman be purotɔnw la tumamina kuran foyisi tɛ neturɔn na. Kuran batɔ be elɛkitɔron na.
107	geography	Ni kapisili sera dugukolo kan ni ka don fiɲɛ na, sɔgɔmada 5h masurun na (kɔrɔn waati), sigi bɛ kɛ ni yeelen ye ka ɲɛsin KalifɔrIni kaɲɛka fɛ, Oregon, Nevada ani Utah.
549	sports	Awɔ kilimɛtiri kilancɛ boliba, mɔgɔ dɔ min be seka sanga bila bugo, kan ka teliya damakɛɲɛne sɔrɔ, nka jija kan ka matarafa kunbalan bɛɛ kɔnɔ.
1923	travel	Woyasikɛlila pankurula be seka siranya fɛn ye mɔgɔw sisanw ani suguw sugsuw bɛɛ fɛ, kɛrɛnkɛrɛniyala nin u be ma delika woyase pankurula kaye walima ye siranya ko dɔ ye.
126	entertainment	Al Gore ni Zenerali Tommy Franks filila ka u ka sɛbɛnsenmandiw feere ( Gore ta tun bɛ ni The Onion kunafonicari senfɛ, a ni Tipper tun bɛ u ka diɲɛbɛndiyaw bɛɛ la a kɛni kɔ k'a ka camancɛkanlanso subantili jɛn san 2000.
983	health	Mura bana walima kumasɛbɛfɔlila giripu, be seka kɔnɔw ani bagan minunw be sindi minɛ.
915	science/technology	Apilikasiyɔn dɔw nin bɔnda in kɔnɔ be seka masalabolow bayɛlɛma kɔfɛ kanw la tamasiyɛnw walima fɛn wɛrɛw kuna diɲɛ kɔnɔ nin a baaralikɛba ye telefɔni ɲɛsin fɛnw dɔw ma.
330	sports	Mɔgɔsi wɛrɛ ma bɔli kɛ walima bi caman do jɛkulu ye ka Bobek bɔ.
563	health	Ɲɛninli in y'a jira ko jigitigɛ ani jɔrɔ ani kojuguw be seka dimi ani lujura kɔ duguma dimi cɛ banabatɔw dilan.
496	health	Farali furakɛlikɛlalaw ye dimidalafura caman dɔn inafɔ mɔrifini k'a bɔ sayiyirini kisɛw la ani isicopolamini k'a bɔ fogofogoyiri kisɛw la.
919	science/technology	A be seka t'i be waari mara nin kariti sani ye GPS kama, walima GPS jɔlen a yɛrɛ ye walima kelen luweli mɔbili luwe baarakɛɛda dɔ fɛ.
1504	science/technology	Nin u lamɔra dɔrɔn kunkokɔnɔ bagan ye, denmisɛni bagan be tabolow jira (farikolo dan na) be inafɔ ladonikɛ bagan kɛrɛnkɛrɛnlen, inafo a ka siran adamadenw ɲɛ walima adamaden jatelibaliya.
1422	politics	1683 san, Qing fangabolokɛlɛcɛw (1644-1912) ye Tayiwani badagolo tilebin ni kaɲɛka yɔrɔw minɛ ni ka Tayiwani kɛ Qing fangamara ka marabolo dɔ ye san 1885.
202	geography	SankisƐw, sera fo 6,34 pusew ma ni suguya dɔ ye Oahu kunna, lakalira i na fɔ ‘’ ko nafama’’.
109	science/technology	Kapisili in bɛ kilomɛtɛrɛ 12,8 walema 8 boli segondi kɔnɔ, min teliya ye ka  bɔ SanFiransisiko ka taa Lɔsangelɛsi miniti kelen kɔnɔ.
1521	science/technology	Hali a y'a jira ko nin sew suguw adamaden kɛcogo ɲɛfɔlila be seka sɔrɔ lala baganw fɛnɛ na inafɔ wulu marataw.
1479	science/technology	ũthathaũri wa ũthii wa na mbere wa mĩtambo ya kĩ-rĩu ugaga maũndũ merĩ: atĩ ũthii wa na mbere wa mĩtambo ya kĩ rĩu ni ũringanaga na maũndũ ma mĩikarire na ũteti, na atĩ mĩtambo ya kĩ rĩu nĩũhutanagia mũno na maũndũ ma itũra gũkĩra ma mĩikarire.
1163	politics	Cɛbɔw bɛ se ka cidenw bila ka taa kow bɛɛ tɛmɛcɔgɔ sereya. su fɛ, jateminɛba kɔnɔ min bɛ taa sira kɛrɛn-kɛrɛnni fɛ, kalatalaw bɛ jatɛ kelenkelen.
1696	geography	Gun fitiniw camaw ye yɛrɛmahɔrɔn jamanaw ye, walima tugulen Faransi la, ani kodɔnlen no inafɔ kɔkɔjida ɲɛmanbaw yɔrɔw.
866	travel	In i beka woyase ka ta jamana dewelopeni dɔ la siyɛnfɔlɔla - walima diɲɛ fan kura dɔ fɛ - kana tabolo ɲɔgɔn kunbɛn kɔlɔlɔ kɛ bolokɔfɛ fɛn ye.
1809	sports	Paralympics bena kɛ kabɔ Utikalo tile 24 ka ta bila Sɛtanburu kalo tile 5 2021. Tulɔnkɛbaara dɔ bena kɛ yɔrɔw Japon kɔnɔ.
119	entertainment	Tulon in sinsinna Fallujah ka kɛlɛfilana kan, min ye kɛlɛgɛlɛn ye Lameriki jamana ni Iraki jamana kɛlɛcɛw ni ɲɔgɔn cɛ.
1175	sports	Min ye Springboks ye, o labanna ka bɔ ni fu ani tɔgɔcɛn ye ɲɔgɔnkunbɛ 5 kɔnɔ.
198	health	Farikalaya ni ɲɔɔnɔdimin, basi foyi te na wa n ka kƐnƐ kɔsɔbƐ nin la yasa n’ka baara kƐ  yɔrɔjanfƐ.
144	science/technology	""" O kɔrɔ ye fɛnbɛɛ ka kan ka segin kɔ,"" Rift Valley ɲɛɲinicakɛdaɲɛɲinikɛra Etiyopi ani ɲɛɲinibarakɛɲɔgɔn, Berhane Asfaw y'a fɔ."
1167	entertainment	Ko in daminɛw la, kɛnɛ tun dabɔra kumaso Toginet ka waatijanbɔlɔlɔsirabarani dɔrɔn kanma, min ye kumasobɔlɔlɔsira dɔ ye.
908	science/technology	"Kunafoni di baarakɛyɔrɔ be tilen ka kalɔn tikɛ nin kun lna, fɔlila ko a dabɔra ka ""suyɛnli kunbɛ""."
1196	sports	Ni jɔnjɔn tannisegin dɔrɔn ye tile kɔnɔ, jamanaw hakɛdɔw ma se ka jɔnjɔn kɛnɛ in  sɔrɔ .
111	science/technology	"""A bɛ na tɛmɛ Kalifɔrini kɔrɔnfɛkɛrɛn na, ni ka yeelen mɛnɛ sankolo la kabɔ Kalifɔrini ka tɛmɛ Oregon cɛmancɛ fɛ ani Nɛvada ani Idaho ni ka don Utah kɔnɔ"", pankurunsirɲɛmɔgɔ Tom Duxbury ko te."
1722	travel	Inafɔ Sud-Afiriki Dugu Parikiw bɛɛ, dɔngodɔn marali ani paraki dɔn li waariw beyi.
1989	travel	Bisi dama damaniw fɛnɛw beyi minunw be ta Hebron kɔkɔdugu yanfan fɛ, Bibilu ladala fakɛw inaf Ibrahim, Isa, Jacob ani u musuw su dɔna yɔrɔmina.
512	health	Jatekɛminɛbaliya Bana be dangari mɔgɔyala nin u tɔɲɔgɔn ye bari denmisɛni tɔw tɛ sek'a famuya kun mina u be kewale kɛ u be minunw kɛ walima muna u be kalanikɛ u b'a kɛ cogomina walima u ka mɔgɔbayara cogo nin tɔ ta tɛ kelen ye.
1182	health	 Faransi de jamana wolonwula nan ye Uniyɔn ErɔpƐƐnni la ka sƐgƐn baanakisƐ in kɔsɔn, Otirisi, Alemanɲi, Seloweni, Bulegari, GƐrƐse ani Itali jamanaw kɔfƐ.
393	politics	Alimaɲi ye kɛlɛ in tɔgɔ dogolen da ko ''Kɔkɔjiwara kɛlɛwale''. Biritaɲi kɛlɛbolo maramafɛn girimanw ni balow fanba ciyɛnna uka  Dunkirk bɔli senfɛ, wa kɛlɛbolo in fɛgɛyara kosɛbɛ.
1908	science/technology	O sɛriwisi in be itilize waaticama batɔn la, minunw ye tulɔnkɛ batɔn ye, ani jisanfɛyalaliw minunw kunafoniw ka jan ani mako be kumakanw la.
592	science/technology	Baganw dilan neno nin farikolobɔnda camaw ye. U be fɛwn dɔn ani ku yɛlɛma u kɔnɔ. baganw cama be bɔ u nɔna.
550	sports	Dɔw bolotɔ be jamana cɛci nɛnɛ waatila, nin sanfɛ farikolo fanw bɔɲɔnalibaaraw tuguli y'ala,  ye labɛni waati ɲɛnɛma ye kabɛn bolili waatima.
1210	entertainment	San 1980w la a ye baara kɛ jɛmukanw na inafɔ Takisi in, Tracy Ullman ka Jɛmukan.
1232	entertainment	Lakkha ye chappan bhajan fana yira. Dɔnkilidala Kandelwal tun be k'a bilasira.
1891	travel	Athii arĩa makoretwo na ihida rĩhũthũ kuiguana na ũdũire mweru nĩmakoragwo na ihida iritũ makĩingĩranwo na udũire wao rĩngĩ.
1798	entertainment	Yɔrɔ dɔw be minfɛnw alikɔliman di yɔrɔla. Nka, gulɔminkojuguya be halikilina sɛgɛsɛgɛli wasu wasu, ani zuyekɛla baw bɛɛ be hakilidafalen nafan dɔ.
738	travel	CafeNet El Sol be sɛbɛni minɛnikaliba baara kɛ dolari 30 la, walima dolali 10 nin tile kelen sɛbɛn ye; kunafoniw tɔw b'u Corcovado pazi kan.
1298	politics	Tumadɔwla lagosi farimanunuw tun lawilila kalafiliw kɛ baliya fɛ, minni dɔw tun kakan ka  kabini san kɛ2011.
577	science/technology	Farikolobɔn ye fɛn fitini ye niman fɛnw bɛla, ani farilifanw bɛɛ dilan neno nin farikolobɔn da kelen walima camaw ye.
733	sports	Nɛnɛ waatila, siki kɛ yɔrɔ ɲuman dɔw Ameriki Kɔkɔdugu Yanfan fɛ jabɔ, ani tilema fɛ kulusanfɛ nɔkɔsoboli yɛrɛ yɛrɛ dɔw lajɛ.
1624	geography	Ji purusan 20 ba min be bɔn kabɔ diɲɛ baw la ka ta kɔkɔjiwla be bɔ Azononi na.
185	sports	 A tun be ntolatan kulu ka dunanjigiso la yani ndolatan dɔ cɛ Karidon Bolonia juguya la.
1158	geography	U sumani do kɔnɔ na ka tɛmɛ kɔ kan tile fɛ, ani u funteni ka bon su fɛ ka tɛmɛ.
190	travel	Ji tun dira taamadenw ma  k'u to makɔnɔni na futeni hakɛ 90 (F) la.
1233	entertainment	Tokiyo Alamusa Ɲɛnajɛ Yiraliba la, Satoru Iwata, Nintendo ɲɛmɔgɔ ye cakɛda in Nintendo Revolution labaaralikɛla kura yira.
1548	politics	O misali nafan ma kelen suruman nin kan kun ye North Atlantic kɛlɛbolibloli ye Diɲɛ Kɛlɛba filanan waatila. Lamerikɛn kun be ka laɲinin ko ka mɔgɔw ani kɛlɛkɛminɛnw mobilize Oseyan Atlantic sanfɛ walasa ka Grande Bretagne dɛmɛ.
647	entertainment	Anw camaw b'anw yɛrɛ ye jabarani porogaramu lajɛma min b'a kunafoni cogow walima fɛnw anw tɛna sen dɔn mina walima min dɔni bilasenkan.
1522	science/technology	Siyekili muganan ɲɛɲinli ya' jira ko suguya fila dɔrɔn de beyi: dogolen ani kɛnɛkanta.
601	science/technology	Nitorozɛni inafɔ gazi b'a cogoya kelenw de ta inafɔ nitorozɛni jiman. Jima cogoya ka girin nka u molekiliw bɛ ye kelen alisa.
1747	sports	Argentine kodɔnleno ni polo kulu ɲuman ma ba ye ani zuyɛriw diɲɛ fanbɛɛ fɛ.
142	sports	NBA hakilina bɔra Atah Jazz fɔlikɛra dɔ baanani na COVID-19 baanakisɛ tun ye min minɛ.
1802	travel	Yeli be seka dɔgɔya nin ɲɛsi benin walima carili ye walima nin faariyeɲɔgɔn kan ye walima nin gilasi bolifɛn witiriw sanfɛ.
825	travel	Nin i be fɛka diɲɛ ye nɔgɔyala, fɛn nafan dɔ kama, balolocogo walima yɛrɛkɔrɔbɔ, cogoya camaw beyi k'o kɛ.
1144	politics	Lakanadɛmɛjɛkulu ni Afuganisitan kɛlɛcɛw taara yɔrɔ lakana na ani fɛnɛ lakanapankurun wɛrɛw bilara ka taa dɛmɛ don.
1850	sports	Sakidɔnkɔla ka siki kɛ: Nin baara in be wele fɛnɛ ko wulakɔnɔ siki, yɔrɔmunu mununi siki walima tama tama siki.
1033	science/technology	U ye a don ko tile be barakƐ kaɲƐ ni sariya jɔjɔn dow de ye  ina fɔ kalow : Kalow be ka bara sistƐmu tun be don u ka yelen bɔ ta,  rotasiyɔn, ani fosi wƐrƐ.
1848	sports	Siki kɛli hakilina ye hakilina kɔrɔlen ba ye - desɛnw kuluw sanfɛ minunw be sikikɛla desɛn be ta fo san 5000 yan Yesu nali cɛ.
228	geography	Ni jolinɔ nunu yera kalo fan bɛɛ fɛ w'a be inafɔ u ma yɛlɛma kɔsɛbɛ, min b'a yira ko faralawaleya ko minnu y'u kɛ u ma mɛ.
292	geography	Matu mairũ marĩa mataakonainiĩ na gututhũka gwa volcano ĩ yo nĩmonekete magũrũinĩ ma kĩrĩma kĩu.
1225	sports	Del Potro tun ye se sɔrɔ sɛti filanan na, nka ola fana, a mako jɔra tayi-bɛrɛki dɔ la a kɛlen kɔ ka 6-6 sɔrɔ.
1416	sports	Farikoloɲɛnajɛ dɔnnenbaaw ye ntolatan, jɔ-nintola, bololagosi-ntolan, jikan-ntolan, murujan-kɛlɛ, nɛgɛsoboli, jikuru bereni-ntolan, bereni-ntolan, F1 Mɔbili ɲɔgɔndan.
129	entertainment	Dugu i bɛ na kɛ a siɲɛ fɔlɔ ye ka taama kɛ ni missi yɛgɛlew ye erɔpu tilebin-kɔrɔnyanfa na mi kɛla zuwɛn ni uti kalow ni ɲɔgɔn cɛ ni san i na, ni o kɛla jamakafowale ye mi ɲɔgɔn ma deli ka kɛ dunuya kɔnɔ.
1003	science/technology	A ye da konko nɛkɛ WiFi ma dɔ dila, a ye min fɔ .
271	health	Dr. Lee y'a ka kunpan fɔ jabiw kan ko Turquie ye A(H5N1) avian influenza baanakisɛ sɔrɔ sisan k'a sɔrɔ u ma baana.
103	politics	Jabaranisohakilinaw, minnu dira o yɔrɔ in bɛɛ, kɛra sabu ye Iran jamana kunafoniɲinijɛkulujoniw sɔnna ko nafanba tun man ye ɲangi la.
14	sports	"Maci tƐmƐlen kɔfƐ, Clay mansakƐ ye a jira ko : "" Ne nisɔndiyalenba de dɔ n ka seginninla ɲɔngɔndan  kuncƐli kow  bƐƐ la ɲuman la. N be yan ka ɲinni ka sebaya de sɔrɔ."""
1412	politics	Fanga foyi tun te Wasabulon bolo ka nisɔngɔ sigi senkan, wa k'a sabu kɛ ɲɛmɔgɔ fanga walima Kiiri fanga tanɲa ye, a tun be a sinsin jamanabolo ɲɛmɔgɔw kan,  minnuw tun te son tuma dɔw la k'aka sariya labaara.
1811	travel	Nin i y'i ka pankuru woyazi ɲɛminɛ kabila ani siyɔrɔ 2020 yani abɔlen a ma kun mafɔ, i bena kɛ lala cogoya gɛlɛn na.
1681	science/technology	Tɛkinolozi be solisiyɔn di nin ɛntɛrɛnɛti sanfɛ woyaziw ye.Kalandenw be seka misew kɔnɔ fɛnw lajɛn, jɛgɛmarayɔrɔ filatɛ lajɛ, walima tabulo cɛnumanw kanu k'u siginw to kilasi kɔnɔ.
335	entertainment	Turquie dɔnkilidaraŋana Sezen Aksu donna kɛnɛ kɔnɔ ni Italieka Alessandro Safina ni Girɛsi donkilidala Haris Alexiou ye.
378	science/technology	a bɛ san baasaba bɔ kɔ, san 1610, dugukolokoɲɛɲinikɛla ka bɔ Italie Galileo Galilei ye jateminɛ kɛ telescope la ka ye ko kɛrɛw bɛ Venus la, i n'a fɔ kalo.
1367	science/technology	ɲininikɛlaw hakilila jakumawaraw bɛ sokowkasa nɔndo ni k'u yɔrɔ ɲini k'u dun, ka to k'u yɔrɔ ɲini dugukolo kan.
703	travel	Turuw ka ɲɔgɔ nin kulubaw ye, ola nin nin i be kelen na walima nin terikɛ kelen ye, a ɲinin i ka mɔgɔ tɔw dɔn ani ka mɔgɔ naani walima wɔɔrɔ kulu dɔ dilan walasa ka mɔgɔ kelen piri ɲuman sɔrɔ.
297	politics	Yɛlɛma laɲini in tɛmɛna Wasabulon so fila bɛɛ fɛ k'a ban.
80	sports	O kɔfɛ Maroochydore ye Caoolture dan ni ɲɔŋɔdan in kuncɛli ŋɛbila la
1823	travel	Takisi tɛ sara butuki minunw na ye cogoya ɲuman ba ye ka minɛnw san takisiw benino kabɔ minunw kuna yɔrɔ dɔw la
836	travel	Arisitɛciri sinsinleno sow desɛni ani jɔlila kuna. Yɔrɔ dɔ dilancogo ye waaticamana turisi samanan ye a cogola.
880	travel	Nin laɲininɲ sirileno waaticama lala jamanaw la woyasikɛla bɔra minunw la walima be fɛka ta minunw lajɛ.
1143	politics	Fangaɲinijɛkulu min bɛ fanga kunna Sidafirikikaw fɛ ye ni o ye South West Africa People's Organisation (SWAPO), fɛnɛ ye jɔyɔrɔba sɔrɔ wasakalata la.
650	science/technology	I ka otɛli walima jiginyɔrɔ (Nin be ka to dunajiginso kɔnɔ walima yɛrɛtɔgɔla so) bena seka lala wifi walima ɔridinatɛri konɛkitenin sɔrɔ, abi ɛntɛrɛnɛti sɔrɔ bɔn be sigida bɛɛ la walima jamana wifi yɔrɔ dɔw la.
702	travel	I ka pasipɔri kan ka da,ga kalo 6 ka tɛmɛ i ka woyazi waatiw kan. Tani ka segin/tali tike mako beyi k'i ka toli janya jira pirewu jira.
1604	travel	Sɔkɔmaw sɔkɔma, mɔgɔ be jamana fitiniw bila mɔbilila ka t'u ka baarakɛyɔrɔw la ani mɔgɔ dɔw be tɛm'ula minunw ka baarakɛyɔrɔ ye fan nin u tɛmɛn'ula dɔrɔn.
817	sports	Nin ju ye Bacelonas Running Tours Barcelona and Copenhagen's Running Copenhagen, Running Tours Prague min sinisinleno Prague ani dɔ wɛrɛw ye sendɔ ala jɔna jɔna.
1763	travel	San un san, lajɛlikɛraw cama be mandini bari u ma mabɔ kaɲɛ. Nin baganw ka bɔn, ma mara ani ou masuba kabon fo ka dantimi, ola u ka yɔrɔ d'u ma.
1290	politics	Isirayɛli be ka  kɛlɛbolo laɲini kɛ kulufurancɛ in na san tan kuntaala la bolonɔ mana sigi bɛnkan dɔ kan tuma minna  PA be sɔn ka bɔ ni kɛlɛbolo in na san duuru kɔnɔ.
1775	entertainment	"Yɔrɔ gulɔ yɛrɛ yɛrɛ ye ""Number One"" ye, o tekɛ gulɔ gɛlɛ ye, nka a kadi ani a be farifoni. Yɔrɔ gulɔ wɛrɛ fɛnɛ we wele ko ""Manta""."
642	science/technology	Ɛntɛrɛnɛti itilizeli ani Diɲɛ Ɛrezoba Tugunlen siraw b'a to kalandenw be akisɛ sɔrɔ kunafonina waatibɛɛla.
1544	politics	Sɛtanburukalo tile 17 san 1939, Pɔlɔɲi kadanli bolo kun cira ka ban, ani jigi kelen min kun beyi kun ye ka segin kɔ ani ka dilanikɛtuguni Romanie kɛlɛlabɛn yɔrɔ la.
1148	health	"Medecin Sans Frontireres ka kumalasera Veerman ko:"" Angola tun ɲɛsinni do a ka baana ma min ɲɔgɔn ma deli ka ye u fɛ ye ani fɛnɛ a ko in ka jugu halisa Angola jamana kɔnɔ,"""
801	health	Alikɔlimanfɛn min hakɛyala. Alikɔ tɛ mɔgɔw bayɛlɛma cogoya kelena, ani i dandɔli nafan kabɔn kosɛbɛ.
1741	travel	Pɔn bilali baara la kudayi be daminɛ Sɛtanburukalo san 2017, waatimina Brezil duyaɲɛ kɔlɔsili yɔrɔ kan ka ban.
1140	entertainment	Winfire n'a ka kasi bɛɛ a ka taali senfɛ, a y'a lajɛya a 4kanubagaw ye k'a bɛ na segi.
1267	health	Edgar Veguilla bolo ni ɲin tun bɛ k'a dimi ani Kristoffer Schneider ɲɛda tun bɛ ka fara dɔkɔtɔrɔso la.
1774	entertainment	Icũa ici rĩmwe nĩikoragwo na andũ aingĩ a nyũmba na ĩna mĩthemba mĩega ya duka ciĩbangite icũainĩ. No wĩthambĩrĩ gotarĩ gaja.
862	health	Nka diɲɛ fan dɔw fɛ, yɔrɔmina kunkokɔnɔ ye kura y'i ɲɛna, a ka c'ala kosɛbɛ i bana kunbalanw sɔrɔ.
1069	politics	"Layton tun ye KɔnsƐrvateriw ka Tɔn ka sigida sariyasen in yɛlɛmani laɲini ani PM ka ɲɔgɔnye senfɛ ka laɲini kɛ  ka sigida sariyasen ""bɛɛ segikanni dafalen"" kɛ."
325	geography	Ŋɛɲininikɛlaw ka bɔ National Hurricane Center ko Danielle bɛ bonya ka kɛ funufunu ye Araba don.
1314	health	A ka ɲɛɲini y'a yira ko ni farilaji lana na o bɛ dendayɔrɔfuru kɔgɔli teliya.
704	travel	Nka, o manka kɛ jɔrɔnan koye bari waaticamana turusiw be kɛɲɔgɔn kan ka mɔbili fa.
528	sports	Farikoloɲɛnajɛ kura ɛsikirimu be zuye niwo cama na, ka daminɛ sanfɛ kalandenw la minunw y'a kalan sanfɛ kalansola ka ta bila a dɔn ba nganaw la Olɛnpiki tulɔnkɛla la.
532	sports	Zuwekɛra min bɔni fitini kɛ, walima jirifɛrɛ yɛlɛma yɛlɛma dafa ka turu sebaya sɔrɔ.
1643	science/technology	Anw be seka k'anw yɛrɛɲininka dɔrɔn kilawiyew bena kɛ mun ye nin fɛn kura bɔra.
868	travel	Kɛrɛnkɛrɛniyala i ka tile fɔlɔw la, a ɲinin ka gɛrɛfɛ kosɛbɛ Erɔpu balolicogola ani otɛli, dumuniw ani sɛriwisi ɲumanw k'i dɛmɛ degilila.
124	entertainment	Waatijan ka kɔn Daily Show ni The Colbert Report ɲɛ, Heck ni Johnson carili dɔ fɛɛrɛ sigi min ye kunafoniw ni kunafonilase ladegi k'u to kalandenya UW sanfɛkalanso la san 1988.
1159	politics	Faransi kɔnɔ, kalata furadama tun bɛ kɛ ni diɲɛyɛlɛmakuraɲɛdɔn fitini ye: kalatalaw kelen bɛ taa gundosoni kɔnɔ, ka u ɲɛnamɔgɔsubantikalatasɛbɛn don foroko kɔnɔ.
701	travel	Cuba jamanadenw Ameriki Green Card be minunw bolo kan ka tagabɔ Equateur lasigidenso la walasa ka jɛn  sɔrɔ  kabɔ nin laɲini in ma.
560	health	Walasa ka benkɛla min kan lajɛ, i kan k'a kɛ yɔrɔ lajɛ fɔlɔ walaka ki ka lakana sabati.
167	politics	Ni binkanni in ye gɛlɛyaba lase Ɛndi ni Pakisitan jamanaw ɲɔgɔn cɛ ko la.
301	politics	Vautier ka baarakɛlenw jalabɛn ɲɛmɔgɔya kɔfɛ ye muruti ye dumuni na san 1973 ka fɛn kɛlɛ a be min yele ko politiki balili.
40	entertainment	"John Grant, kuuma WNED Buffalo (kĩhumo kĩa Reading Rainbow) augire ""Reading Rainbow yathomithagia ciana gĩtumi gĩa gũthoma,... wendo wa gũthoma -[kĩbindi kĩu] kĩendithagĩrĩa ciana kuoya ibuku na kũrĩthoma."""
1414	politics	Sariyasen nunuw tun kakan ka yamaruya sɔrɔ jamanabolow bɛɛ fɛ yani uka yɛlɛma wa jamanabolow tun ma cɛmancɛ marabolo in jate kaɲɛ fo ka kɛ uka wasadenw tun te ye yen tuma dɔw la.
1789	travel	Faraliw walima laɲiniw kan ka ci woyazi ɲɛnɛbɔba baarakɛla ma fɔlɔ ani makan ci otɛli ma dirkitila.
754	travel	Tiɲɛ be otɛli dɔw bolo kabɔ sisi tirɛnbolisiraw ani mɔgɔtabatɔnw waati dɔn ma na; yani Diɲɛ Kɛlɛba filana cɛ, siyɛkili 19 ani siyɛkili 20 daminɛna.
1142	politics	Namibikaw ka jamanakuntigi ni wasadenkalafilijaabiw yei a yira ko jamanakuntigi min bɛ fangan na, n'o ye Hifikepunye Pohamba ye, ko a subantira kura ye ni danfaraba ye.
1022	politics	Kunnafoni in lasera Trump ni Turki Jamana ɲɛma Recep Tayyip Erdogan ka nɛgɛjuru la kuma kɔfɛ.
538	travel	Turisiw be seka jamana kɛrɛnkɛrɛn dɔ yɔrɔ nafanw cama lajɛ walima u be seka sugandi ka sinsin yɔrɔ kelen dɔrɔn kuna.s
155	geography	O fara ninnu cɛman, tanniduuru dɔrɔn lakodɔnna ka  bɔ nɛgɛ sanji jigilenw la Zuwe kalo tɛmɛnnen in.
1278	health	Mɔgɔ saba tun be so in kɔnɔ waati minna  mobili in y'a gosi nka u si ma bana.
1197	sports	U tun ye Holandi Anna ye Jochemsen min kɛra jɔyɔrɔ kɔnɔtɔnnan ye  muso ka ɲɔgɔndan Super-G  in na kunu, wa ani Fɛlandi Katja Saarinen min kɛra mɔgɔ kɔnɔtɔnnan ye ni ɲɔgɔndan kelen in na.
1541	politics	Alimaɲi kun bɛɛ jugu ye Diɲɛ Kɛlɛba filan waatila, min USSR ani USA nati ka bolodoɲɔgɔma kɛ. Nin kɛlɛ bani ye, maracogo kɛlɛw, baara tabolo ani tabolo y'a to jamanaw bilaraɲɔgɔna.
1111	health	Balinanko in ye Ɛndi jamana maraɲɛmɔgɔw bila ka fɛrɛw boloda minw ye ka mɔgɔw bila ka lɛw minɛ yɔrɔw la yɔrɔ minw na baanakisɛ caarila kosɛbɛ, ni ka sosokɔnɔnjɔ waa caman dilan ani fɛnɛ ka bagaji fiyɛ.
889	geography	Antarctica thĩ nyũmũ ni njaraganu na ikaarirwo 2-3 km nĩ barabu.
324	geography	Fiɲɛ mɛtɛrɛ 40 waati kelen kɔnɔ (nɔgɔnɲɛ 64 waati kelen kɔnɔ) tun bɛ  sanfiɲɛ in na, nɔngɔnɲɛ 3.000 Miami, Florida yanfan fɛ.
118	entertainment	Konami min ye tolonjacariso ye, y'a fɔ Zapɔndenw ka kunafonigafe dɔ kɔnɔ bi ko u tɛ na tolonja Six Days labila Fallujah kɔnɔ.
1018	entertainment	Gosling ni Stone sugandira ka kɛ filimu bɔlacƐman ani musoma ɲɔgɔn nɔfɛ.
523	health	O sɛgɛ ka jugu inafɔ nin kun be ka wili sanga muganw san muganw walima sanga bisabaw sanga bisabaw ani ka jabarani lajɛ.
1637	science/technology	I be seka nɛgɛ kulu fɛnɛ sɔrɔ nɛgɛtan hakɛya dɔniw be mina inafɔ karibɔni.
749	travel	Ka dɔn i ka mɔbili kɔnɔ ani k'a woyazi sira jan dɔ ta be kɔnɔna nɔgɔya wele.
1575	science/technology	Jateden fila fila  be seka waleri kelen walima fila dɔrɔn ne di, n'o ye 0 walima 1, ani nin jateden be jateminɛ inafɔ fila fila jateden - walima bits, ka oridinatɛri diɲɛ kɔnɔna kuma fɔ.
524	health	O kɔlɔlɔ sirileno cogomina ani waatidamina i nzɛbɛn ba ɲinin ka suko jɛlen k'i be bɔ min kalaman.
358	science/technology	"u kɛtɔla k'o kɛ u bɛ yeelen fitini dɔ fili min tɔkɔ ye ""photon"" ye."
999	health	I nafɔ dɔnnibajolen wƐrƐw, ale ma da ala ka fɔ ko sukarobana  bena se ka furakƐ ka a ban, kƐrƐnkƐrƐnnenyala nin jaabiya ninnu te mɔgɔw kofɔ  minw ni sukarobana suguya 1 ye u ninƐ kaban.
1359	science/technology	Waraw ye jakumaw de ye minw ka jɛɲɔgɔnya ka nɔgɔn ni fɛn bɛ yɛ, minw bɛ balo jɛkulubaw la a bɛ fɔ minw ma kɔ kuluba.
311	entertainment	Furudenw nunuw furula Tɛkizasi ni y'a san kelen ye wa u taara Bifalo k'u yɛrɛ ɲanajɛ ni teriw ani somɔgɔw ye.
1917	entertainment	Gũthiĩ na tũtarũ nĩ ũndũ ũmwe wa gũte mahinda Finland, kwĩna gatarũ kamwe harĩ andũ mũgwanja kana anana.
1771	geography	Icũa cia North Shore (thĩinĩ wa district ya North Harbour) cĩa irianĩ rĩa Pacific na ciĩbangĩte kuuma Long Bay rũgongo wa Devonport mwena wa mũhuro.
361	science/technology	Photons ka dɔkɔ fɛnɛ ni fɛnmisɛni munuw bɛ kɛ kisɛniw ye!
196	health	M. Arias ye a jira ko a ye banakisƐ juguba dɔ sɔrɔ, ni ka fɔ ɲƐmayaso minisiri Rodrigo Arias ye.
951	travel	I kan k'i ka pɔnyin sɔrɔ pankuru kulu sugandi ɲamajɔla.
878	health	Bana mɔgɔ minɛta ye bana ye min be yɛlɛma nɔgɔyala gɛrɛlila banabatɔ dɔ gɛrɛfɛ.
214	sports	Gɔlefu ni rugebi fila bƐƐ  ka kan ka segin OlƐmpiki farikoloɲanajƐw la.
509	health	"O tɛ kalan lujura ye, o ye kalanli ɲakamu ye; a be se ""mɔgɔ 3 ka ta 5 la denmisɛniw la, lala mɔgɔɔ cama inafɔ Amerikɛn denmisɛni miliyɔn 2""."
332	entertainment	Tulonkɛ daminɛna ni kɛnɛ kɛrɛnkɛrɛni ye diɲɛkulukodɔnniba Cirque du Soleil fɛ.
835	travel	Cogoya wɛrɛw la, mɔgɔw minunw jigileno yɔrɔw turisiw ka sigiyɔrɔw kɔfɛ de dɔrɔn kan ka tɔgɔsɛbɛni kɛ.Nka, o be sariya kɛ dibila fɛn ye, ola a ɲininkadɔn kabila.
298	politics	Yɛlɛma dɔ kɛra ni sariyatali tuma in na min kumasen filanan in bɔra ala fɔlɔfɔlɔla Wasabulon so kelen fɛ ka tila ka latɛmɛ o cogo kelen na Wasabulon so dɔ in fɛ Tɛnɛdon.
392	politics	Faransi kunkan kɛlɛ in bannen, Alimaɲi Jamana y'a labɛn ka Biritaɲi ka Iziland minɛn.
1211	entertainment	San 1989 a sen yera Simpson la ani Brooks ni Groening wa jɛmukan in sɛbɛnba kulu fɔlɔ tali tunb'a bolo.
204	travel	Twin Otter  tun ye a lajƐ ka jigin Kokoda kunun ni pankurun konpaɲin CG4684 ka pankurun PNG ye, ɲa a tun  ye a sɔrɔ a tiɲƐ siyƐn kelen.
916	science/technology	Kan bayɛlɛma mansiw talaɲɛ kosɛbɛ kosɛbɛ, ani be waatidɔw la kanbayɛlɛmali ɲuman di cogodɔla (ani cogoya gɛlɛna mana manakan), nka jateminɛ dɔw mako beyi, inafɔ u be sek'a bɛɛ ɲagamu fɛnɛ.
535	entertainment	O ye waatimine nin mɔgɔw tara yɔrɔ dɔ la min no ka dɔngɔndɔ diɲɛlatigɛ tɛ kelen ye walasa ka lafiya ani k'o yɛrɛ ɲɛnɛjɛ.
658	health	Tilema waatila, janto fɛnɛ Nordique sosow la. Ali na sɔrɔ u tɛ bana foyisi yɛlɛma, u be seka tɔrɔlikɛ.
353	science/technology	jikisɛw bɛ tunu ji sanfɛ min bɛ fɛnw lafoko ji sanfɛ ina a fɔ miseli.
1520	health	Oiver Sacks, a ka sɛbɛn kɔnɔ The President's Speech, ya jira cogomina mɔgɔ minunw tɛ seka kuma famuya ka sababu kɛ nzɛbɛn cɛnliye, be seka jɛlenya sɛgɛsɛgɛ kaɲɛ kosɛbɛ.
1331	politics	a ŋunuŋunukan kun bɛ yi k'a kun ye cɛbɔ ye san 2016 jamanakuntigikalata la.
295	health	Pankurunniw ye kulumɔgɔ tannifila nunu kisi wa nu dɔ dɔrɔn de cira.
569	science/technology	Popilasiyɔn ye farikoloɲɛnɛmayanaw kuluw fɛn dɔla marayɔrɔ kɛrɛnkɛrɛn ne dola.
926	science/technology	Nin beka durɔni dɔ itilize, a sɛgɛsɛgɛ jɔna ka bila nin a dagaleno ka fɛn min filime ani sɛbɛn minunw walima jɛndili wɛrɛw minunw kan ka ɲinin.
854	travel	Metroplus lafiyakabɔn ani tɛ fa ka damatɛmɛ nka daga gɛlɛn dɔni, ali na sɔrɔ ka nɔgɔ ka tɛmɛ meturo tike nɔrɔmali Erɔpu kɔnɔ.
225	science/technology	Goni dibilen ye fanga dɔ ye  min te ye pewupewu ani min be baara la tuma bɛɛ diyɛn kan.
1598	science/technology	U ye sɛgɛsɛgɛli lajɛli fila kɛ nin adeyɛni damasiyɛli ye banakisɛfagana kɔnɔ nin fɔsifɔri farima ye walima banakisɛfagana puroteyini ye nin silifiri farima ye.
771	entertainment	Keraa tanpulu fɛtiw lajɛli nafan ka bɔn, nin sama masirili, tanpulu fɔlikɛɛlaw ani nisondiyawɛrɛw.
856	travel	Tɔw ka walisiw tali - Kan'i ka minɛnw fiyɛn i ɲɛ t'u ye yɔrɔmina, kɛrɛnkɛniyala tumamina i beka jamanaw furɔntiyɛriw tigɛ.
23	sports	Bii balontanna tɔgɔtigiya ye Alex Ovechkin de  ye ka bɔ Washington faabaw kɔnɔ.
432	politics	Luxembourg bɔra yɔrɔ jan nka a y'a yɛrɛ ta san 1839.
1804	travel	Kunko lajɛliw ye lala Farafina turisi samakɛlikɛla baye ani yeta lajɛlikɛla camaw fɛ.
533	sports	Zuwe be kɛ bin sanfɛ ani bin min be wɔni da gɛrɛfɛ tigɛlen kokɛ fitini ani be wele green.
434	politics	Luxembourg y'a ɲini waati bɛɛ la ka to a ka fasabaliya kɔnɔ nka a tun minɛ na Alimakɛlɛfɔlɔ ni filana na Alimaɲi fɛ.
128	entertainment	"Nɔnnabila tun ma tiɲɛn; yɛlɛma tun kɛra ka finifin ɲɛkɛn ni bɛn ni dusukuntamasiɲɛw ye ka yɛlɛma fitini kɛ ""O"" la k'a kɛ ""e"" ye."
810	sports	Bolili kulufulancɛ jira sanfɛ be nɔnili, yɛlɛli ani pani fɛnw faraɲɔgɔnkan - nka mako be antirɛneman dɔni na walima forimu walasa ka daminɛ (sumanila nin kulula yɛlɛli ye, jila filili walima kulula siki, misalila).
1327	science/technology	doloɲɛdumanniw nɔn bɛ san nalira dugukolo kan ni nɔkɔ dɔ ye min bɛ se ka proteines dilan ka balo nɔkɔya.
638	science/technology	"San ba 1977, Dɔkitɛri Damadian ye ""farikolo fɔlɔ"" dilani dafan, MRI sɛgɛsɛgɛlikɛna, a ye min wele ko ""bukɔbali""."
269	sports	A san 21 Jesus taara Manchester City la salon zanwuye kalo san 2017 ka Bresil club Palmeriras dolari wari miliyɔn 27 dɔ kofɔni nɔfɛ.
1364	science/technology	jaraminɛjara bɛ duba kelen kɔnɔ (Genus Panthera) ni warabaw, jaraminɛnjaraw, ani jaraminɛjaranifinw ye. O wara nani durɔn de bɛ se ka wara kule kɛ.
989	geography	Gilasi kuluw jɔlen tɛ kaɲɛ, nka be wolowolo ka jigin kulu fɛ. U bena karilidaw nati, gilasisanflacili, min be sekana dɔgɔ nin gilasikuru pɔnan manw ye.
864	health	Ola, Delhi Belly Kunbalanw, Pharaon ka Daga, Montezuma ka Tasarali ani u ter wɛrɛw.
595	science/technology	Farikolobɔn ye balo fɛn bɛla fitiniw nafan ma ye.
571	science/technology	Nin fɛnw be yɛlɛmabolo cama jira nin cogoya kɛrɛnkɛrɛni ye, u be wele ko farikolo camaw.
924	science/technology	Sariyaw ka ɲɛsin fototama be apilike fɛnɛ widewo anrizisitilela, lala ali min ka c'o ye.
570	science/technology	Nin jamana konodenw bɛɛ ye kelen ye lajɛlila nin mɔgɔyadilan na cogoya kɛrɛnkɛrɛni ye, u be wele ko farikolo kelenw.
1273	sports	Muso kulu jikurukan bolikɛla naani  dɛsɛra ka u ka boliw kuncɛ, ani jikurubolikɛla 45 a kuuru 117 la Silalɔmi Ba in na bina jɔyɔrɔko la ni boli in na.
1400	politics	Yɛrɛmahɔrɔnya  Gafe in kɔkanna Sebɛnniw tun ye ''Yɛrɛmahɔrɔnya Ɲɛfɔli Gafe Yɛrɛyɛrɛ  min dansigira Zuyekalo tile 4 nan san 1776''. Masalabolo in be ye gafe in dugumala la, a  ɲɛjugu kan.
664	travel	Woyazi kɛɛli ka ta Walt Disney World la be ejita bele jira Ameriki du camaw fɛ.
1737	travel	Takisiw minunw be tilan ye cogoay telima ani lafiyalen ye ka woyaze gɛrɛfɛ yɔrɔw la inafɔ Paro (Nu 150) ani Punakha (Nu 200).
457	science/technology	Zoom kuntilenɲa kɔlɔ wɛrɛ ye ko kuntilenɲa dayɛlɛnnen ba ( Teliya) ka fɛgɛn kɔsɔbɛ tuma cama.
1051	politics	A ka laɲini 78 cɛla fɔlɔ ye ka jamanaw ni ɲɔgɔcɛ hakilina kura dɔ ka kan ka ta yani ni san in ka ban walasa ka Iraki jamana dancɛw lakana ka bɔ ladorokoli juguw la walasa ka lasigidenyjuruw lakuray'a na dafɛ jamanaw ni ɲɔgɔcɛ.
870	travel	Nin i bena sigi kɛrɛma, nani sigili dilan ye walima jɔ walasa ka saw, buntɛniw ani o ɲɔgɔnaw gɛn ka bɔyi.
1735	travel	Komi karitiye ɲɔgɔncɛ bisiw faleno waatcamana, a ɲinineno ka tikɛ san tile dama damani kabila.
1852	sports	I miri siki kɛ sira inafɔ ma surunyala kuluyɛlɛ sira.
816	sports	The Global Running Tours nɔnbila, Go Running Tours be baara kɛ nin kɛbaw tani dama damaniw ye kontian naani bɛɛ kɔnɔ.
986	geography	Kuludigɛnw yɛlɛmali ka kɛ jidigɛnw ye ani kuludigɛnw ye Norŋege cogoya ye minunw balila sira di kulujan dɔw, bɔɲɔgɔngo dɔ ma.
1786	travel	Woyazi ɲɛnɛbɔba baarakɛla be akɔriw ɲinin waatidɔw la nin otɛliw ye, ali na sɔrɔ i seka siyɔrɔ suguya wɛrɛw sɔrɔ inafɔ sigiyɔrɔw, nin tɛmɛliye i ka woyazi ɲnɛbɔba baarkɛla fɛ.
833	travel	U mako be lala sɛbɛn dɔ dafalila maarayɔrɔ polisisola walima talila imigirsiyɔn baarakɛyɔrɔw la.
597	science/technology	Nin ye fɛnw lajɛ nin mirikorɔsikɔpu ye, i bena ye ko dilaneno ni fan naaniw ye walima korimaniw.
1281	health	A yɛlɛmana kata  Addenbrooke Kɛnɛyaso la min be Cambridge.
1472	politics	Ameriki ka benkannikɛlɛ musaka ka Filipini minɛ bɔra Filipinikadenw yɛrɛ fɛ.
1011	sports	An sɔnna USOC ka laseli ma min be a yira ko an ka farikolo ɲanajɛlaw ni tɔnw ka nafa, ani u ka farikolo ɲanajɛw, ka kan ka waleya ni yɛlɛmali sira nafamaw ye an ka cakɛda kɔnɔ, ka tɛmɛ jɔyɔrɔ tanɲa ma.
1674	science/technology	O be kunfaniw cama di anw ma ani fɛnw ka ɲɔgɔn dɔ dilan min b'anw dɛmɛ ka ka baaraw famuya anw kunkolo kɔnɔ.
805	health	A jateminɛ ka ɲɛ sɛgɛsɛgɛliw kɛ i ka jamana la, kɛrɛnkɛrɛniyala nin asiransi b'a ta, ani nan'i ka ɔridiansi ye i fɛ fan bɛɛ la.
1542	politics	San fila tɛmɛnikɔ kɛlɛ bani kɔ, jɛnɲɔgɔn kɔrɔw kɛra juguw sinsan ani Dengɛrɛfɛ Kɛlɛ daminɛna.
134	science/technology	Ŋɔgɔndantolonkuncɛ senfɛ, Williams ye kuru sɔrɔ suɲɛ fila, ka a sababu kɛ sanmusɔnmusɔni tun daminɛ na. O ani kɔsalatolon tun gɛlɛya la, ni tɔmi fila ye ka tugun ɲɔgɔnna.
740	geography	O ye gun kuluw ye min ye gun 15 ye min yɛrɛkɛleno kɔkɔji sanfɛyɔrɔ kilomɛtirikare 2.2 sanfɛ.
1183	health	 Kɔnɔnmurabaana min bɛ mɔgɔ faga, H5N1, sɛbɛnciyala k'a ye kungotɔnkɔnɔn dɔ faga, min su yera Ntɛnɛ don, Marshland Lyon kɛrɛfɛ, Faransi kɔrɔnyanfan na.
1352	science/technology	Satellite cira sanfɛ filikurun dɔ fɛ. ɲininikɛlaw bɛ baara kɛ ni telescopes ye sanfɛ bawo dugukolo lahala bɛ anw ka yeelen ni filɛli lafili.
1880	travel	Woyasikɛla minunw ba boloda ka cɛ ni musoya falenli operasiyɔn kɛ jamana kɔfɛ kan ka danganiya ko sɛbɛn ɲumanw b'u bolo segin ni o kumu kɔnɔ so.
1588	science/technology	Dɔni kun fɔlɔ ye ka dɔn cogomina diɲɛ boli nin dɔniya fɛrɛw ye. Nin fɛrɛ in be dɔniya ɲɛɲinili tilancɛ bɛ nɛfɛ.
877	health	Bana yɛlɛmata ye bana ye min nati banakisɛ dɔ fɛ, inafɔ wirisuw, banakisɛ fitiniw, gololabanakisɛw walima banakisɛ tɔw.
1851	sports	A tuguleno nka waatidɔw la te kɛ komi sanfɛyɛlɛli siki cogoya walima kululayɛlɛ, laban ninunw be kɛ sira garo nin kan ani mako sikikɛ samaraw jalen la.
1152	sports	ũgitĩri wao wa hadabu, ũmenyi wao wa kũmenyerera mũbira, na ũnyitanĩri wa athaki ao nĩguo watũmire moneke marĩ a mwanya, na nĩmoonekaga nĩo athaki ngũthi.
1082	politics	Wasadenw ka Ɲɛmɔgɔ Adam Cuerden y'a ka jigilatigɛ yira labɔliko nunuw na aka kuma dɔ la Wikimews  fɛ kalo tɛmɛnen in na
1241	science/technology	Sanga 3 ɲɔgɔnna lafilili in kɔfɛ, a kunna jatalan dɔ ye falaka dɔw faratɔ yira k'a bɔ tajibara in na.
1190	politics	"Perry ko a tun bɛ na "" segin ka taa Texas walasa ka su in na kalataɲɛnɛbɔbagaw ka jabi jateminɛ, ka a lagɛ ni a sɔrɔla ɲɛtaga bɛ ne bolo ni ɲɔgɔndan in na"", nka a o kɔfɛ a ko a bɛ na to ɲɔgɔndan kɔnɔ ka wasadenya ɲini worodugu fɛ Zanwuye kalo tile 21."
498	health	Sankɛmɛsigi caman na Roman Fangamara kɛra sabu ye ka ɲɛtaa ba caman sɔrɔ furakɛli sira fɛ ani ka dɔnni fanba labɛn an be min dɔn bi.
276	politics	Stearns bɛ ɲɛɲinina n'a sɔrɔ nisɔngɔ kɛra ka kɔnɔcɛn jukɔrɔmadon Planned Parenthood fɛ k'a to Oversight and Investigations Subcommittee ɲɛmɔgɔya la, min bɛ House Energy and Commerce Committee lahɔrɔma kɔnɔ.
1865	travel	Nin i bena jamana min lajɛ kofɔla woyasi ladilikan gafe dɔ kɔnɔ, i woyasi kɛnɛya asiransi walima woyasi boli ama asiransi be seka kɔlɔlɔ sɔrɔ.
1337	science/technology	Ɲɛɲinnikɛlaw ka bɔ Prince University Etats Unis kɔnɔ ani Uppsala University Swede kɔnɔ ye kɔnɔsukuyakuraw nunu kofɔ yɛlɛma ko fila durɔn kɔnɔ, ali n'a sɔrɔ a ko i yera ko a kajan, k'o sabu kɛ balo ye cɔrɔnideni Darwin ni Geospiza fortes, ani cactus cɔrɔni, Geospiza Conirostris cɛ.
1264	politics	Huhne demisiyɔnnera wa a bɛ na nɔɔrɔbila a ka baarayɔrɔ la ni Wasaden Ed Davey ye. Wasaden Norman Lamp min makɔnɔnen do ka Davey nɔnabila jamana ni jamana wɛrɛw cɛ-Minisiriso la ni a lankolon do fɔlɔ.
1790	entertainment	Fɛti dɔw o kumu kɔnɔ, lajɛlikɛla badenw nali dɔngili fɛtiw la ba latigɛ ka sigi o yɔrɔla, ani lajɛlikɛlaw camaw b'o jateminɛ kakɛ ɲɛnɛbaara nafan ma ye.
490	politics	Hali ni labanna Kruschev ye mugucimɔbili bila ka ta basigilanati, a dɛsɛra sɔrɔsira gɛlɛya dɔw la an'a sɔnna ka jamatigi Wadyslaw Gomulka kɛ Minisiri Ɲɛmɔgɔ kura ye.
827	travel	Nin mininw be fɛka jɛn lafiya kɔ, waati ani jateminɛlajɛli ka waaribɔtaw ɲɔnti ka jigi fo fu masurunyala, waari fitini woyasi lajɛ.
1433	science/technology	A b'a ɲɛfɔ ko kumasenkun bilayɔrɔŋuman fanba ye sirawdaankun ye min jaw tilan ka kɛ sabasabajɔ tilenniw ni banamininiw ye (misali la)
1939	geography	Izmir de ye  Turquie duguba saban ye nin mɔgɔ miliyɔn 3,7 ɲɔgɔna ye, pɔri ba filana Istanbul kɔfɛ, ani tiransipɔri cogoya ɲuman baw.
720	geography	Thengĩa icua cia mĩthanga mierũ na mĩarĩro ya ĩrĩma, bũrũri ũcio warĩ mũciĩ kũrĩ athũngũ arĩa a tene mũno Amerika, ĩrĩa rĩu rĩ thĩinĩ wa Santa Domingo
1198	sports	Ɔstarali kaw ka Mitchell Gourley kɛra jɔyɔrɔ tannikelennan ye ni cɛw ka  Super-G ɲɔgɔndan na. Czech sankaɲɔgɔn Oldri h Jelinek  kɛra mɔgɔ tanniwɔrɔnan ye Suɔer-G ɲɔgɔndan na.
153	geography	Hakiliw b'a miiri k'a fɔ ko ni y'a siɲɛn duurunan taariku la mɔgɔw k'a jateminɛ k'a ye fɛn min yɛlɛmana ka kɛ Marisi kan minɛn yɛrɛyɛrɛw ye min binna dugukolo kan.
1206	health	Hamilton y'a sɛmɛntiya ko Hamilton Sanfɛ kalanso Kɛnɛyaso  ye ko banabaatɔ in ladon cogo basigilen na.
1828	travel	Kabakoko kɔni, nɛgɛjuru sira fagan ka bɔn yan ka sira yɔrɔ tɔw camaw kan, misalila, the Pennsylvania Wilds.
1207	health	Banabaatɔ in tun be Nizeriya, yɔrɔ min Ebola bana ye mɔgɔ dɔw minɛn.
522	health	Nin nɛtugu ka dayɛlɛw dama damani ɲɔgɔn cɛ su kɔnɔ, nin cogoya in i be sunɔgɔ kɛ ani i faikolo be yɛrɛ sɔrɔ bɛ dɔgɔya kosɛbɛ f'a be kɛ kunbalan ye.
821	travel	Woyasi azansiw kun beyi kabini siyɛkili 19 na. Woyasi ɲɛnɛbɔba baarakɛla ye waatidɔw la latigɛ ɲuman ye woyasi o kumu kɔnɔ min be woyasikɛla ka yɔrɔ lajɛli tɛmɛniw ɲɛ, tabolo, kan walima jamana minunw sɔrɔ da dɔgɔ.
1064	sports	Nka, u kɛla ka kulu ɲɛmɔgɔ ka cɛluda jɛn, India dron ye boli 36 kɛ ka  cɛluda 7 labila ka bere ndolan in kun cɛ.
306	health	A fɔra k'aka saya kun tun ye biyɛn ni kunakuna banajuguba ye
1478	science/technology	Mũthingi wa rĩĩciria rĩa mĩtambo ya kĩ-rĩu ũthondeketo nĩ meciria maingĩ makonainie na mĩkĩre ya maũndũ, kuma gũtindĩkĩrĩria nginya gũtua matua marũmu atĩ mĩtambo ya kĩ-rĩu nĩ ĩkonainie na ũgĩ na mawatho ma sayansi makonainie na mĩtambo ĩyo ya kĩ-rĩu.
529	sports	Farikoloɲɛnajɛ in be zuye fɔlɔfɔlɔ ɲɔgɔndan cogoyala, ɛsikirimlu zuyeba kelen ani dɔwɛrɛ.
340	health	Zayat ma madimi kasara la.
1993	travel	U bena tama ani nɔgɔsoboli siraw kodɔnlenw siraw ɲɛfɔ fɛnɛ.
350	science/technology	A mana kɛ cogo o cogo, ni ye baara gɛlɛmanba de ye ka baara, ani a bɛ na san caama ta sani anw ka yeelendimansindorokolen ŋuman dilanni ye.
1724	travel	Hong Kong Gun be Hong Kong marayɔrɔ tɔkɔ di ama ani ye yɔrɔ ye turusiw camaw be min lajɛ inafɔ sinsin nan yɛrɛ.
1013	sports	Ameriki Jimnastiki ni USOC ka laɲini bɛ ye keleŋ ye - ka ziminasitiki farikoloɲanajɛ, ani a tɔw bɛ lakanda cogobɛla farikolo ɲanajɛlaw bɛƐ ye walasi u ka se ka u ka miirinaw waleya yɔrɔ jɔnjɔn, ɲuman ani tanɲɛ la.
1380	science/technology	Gũtiũĩkaine na ma, no nĩ yarĩ na karĩmĩ kahanaga ũma. Nĩyarĩaga nyamũ cia maĩ-inĩ ta thamaki, na nĩyerĩkanaga yarĩ ndĩa nyama.
94	travel	Pankurun in kun kunsinnen do Irikusiki ma wa tun be ka boli kɔnɔna kuluw fɛ.
758	travel	Woyazikɛla min be yala nin waari mugu ye be seka diɲɛ turu kelen jateminɛ, min tilaneno jɔyɔrɔ fitiniw cɛ nin otɛliw camaw na.
1066	politics	A fola Singapore minisiri  ɲɛmɔgɔ danga Wong Kan Seng fɛ w'a kumana jago ni balawukɛlɛ kan ni Singapore minisiri  ɲɛmɔgɔ Lee Hsien Loong ye
22	politics	Hali o jalagili ninnu ko, Ma  ye sebaya sɔrɔ ka wasa jamajƐrƐbɔlɔlɔdɔ kan min be a jiira ko siratilennenw be siniwa jamana ni a cƐ.
1415	sports	Itali jamana ka ntolatan kulu, ni  Alimaɲi ta ye diyɛn bɛɛ la sesɔrɔ kulu filanan ye w'a ye FIFA Diyɛn Ntolantan Jɔnjɔn ta san 2006.
63	politics	Bresile Jamana Wasablon ye kuma falenfalen kɛ sariya taliko la san 10, wa ni ɲɔgɔnna kɛnɛkan furuw yamaruyalen do Rio Grande do Sul dɔrɔn.
753	travel	Mobili jɔlensigili be seka kɛ nin mobili kɔnɔfɛrɛlen ba b'i bolo, SUV, Sedan walima Wagon Station nin sigiyɔrɔw minunw be kari.
1625	geography	Amazoni ba yɛrɛyɛrɛ ye kilomɛtiri 6387 (3980 miles). A be sɔrɔ kabɔ ba bayirikaw fitiniw la.
372	science/technology	ɲininikɛla wɛrɛw ko baka bɛ o jiri nunu la ola dinosaure si  kun tɛ o dun, ali n'a sɔrɔ njɛw ni bakan wɛrɛw i n'a fɔ sɔlɔni (dinosaures bɔnsɔn) bɛ jiribuluw ni  jiridenw bakaman dun.
227	geography	Dɔnnikɛlaw ye yɔrɔkɛcogo jɛnsɛnnenw ye kalo sanfɛ, minnu be wele ko jolinɔ fununen, a be inafɔ min kɛra kalo ka dɔnidɔni fɔsɔnni fɛ.
634	science/technology	MRI sinsinleno piziki fenomɛni kan min be wele nikilerɛri makan bɔlen ye (NMR), min kodɔn na san ba 1930 kɔnɔ Felix Bloch fɛ (be baara kɛ Stanford Sanfɛkalansola) ani Edward Purcell (Kabɔ Harvard Sanfɛkalansola).
962	politics	Nin Amernie ka jukɔrɔma dɔndɔnli ye, jamana kura dɔ dilana. Nka, jamana jɔlen si, ali Armenie yɛrɛ - ma sɔn k'a kodɔn kɛnɛna.
568	science/technology	Dilani camaw be se camaw di, ka fɛgɛ nin funufunu janya ye ani be lajɛli ɲuma cogoyacamala, ali u mako baaraw cama la walasa kunfoni dɔn taw famuya ani jateden camaw ka baara kɛ a cogola.
193	sports	Schumacher min be baarasɛgɛlafiyɛnbɔ la kabini san 2006, a kɛlen kɔ ka Formula 1  ɲɔgɔndan jɔnjɔn ta siɲɛn wolowila, tun ka kan ka  Felipe Massa banabakatɔ nɔnabila
1016	politics	Ka to NSA la, a ye Carter dɛmɛ ka duniya kɔnɔ kow ɲanabɔli sirawfɛ tigƐ, o dɔ be talikƐ Camp David Bɛnkanw na, san 1978 watiw la, Iran kaw ka mankan, min bankera Iran ma minɛ gɛlɛya la san 1979, ani Afganistan minɛli san 1979.
675	travel	UO be seka kɛ mɔbili gansan kɔnɔ nin bolodali ɲuman kli ye nka mɔbili 4 x 4 de laɲini neno kosɛbɛ ani yɔrɔ camaw be sɔrɔ nin mɔbili  4 x 4 sen jan ba dɔ ye.
329	sports	A ye waati min kɛ ni jɛkulu in na, a ye bii 403 do bɔli 468 kɔnɔ.
402	science/technology	jijukɔrɔkurunw labaarala Diyɛn Kɛlɛba I ni Diyɛn Kɛlɛba Il senfɛ. O waati u tun ka suma ani u ka muguci kuntaala tun ka surun.
875	entertainment	In i balolen dugu dɔ kɔnɔ nin minfɛn camaw tabolo ye, ta bariw la walima minfɛn yɔrɔw gɛrɛfɛralaw la i tɛ ta minunw na.
602	science/technology	Ji y'o ɲɔgɔna misali wɛrɛ ye. Ji kulu dilan neno nin idorozɛni ani ɔkisiziyɛni atomi ne ye.
920	science/technology	Nin ɛntɛrɛnɛti kiredi t'i kun telefɔnila, walima nin a tɛ sɔn o yɔrɔla, u ka baarakaɲɛ be ka dɔgɔya walima tɛ sɔrɔ.
1516	science/technology	"Kwa mũhiano, ""gũthoma"" na ""kũiguana"" nĩ mamwe ma maũndũ macũngĩrĩirio nĩ kũhũthĩrwo kwa intanet (James et al., 1995)."
1922	travel	Batɔn cɛɲuman dɔ be Berlin, Alimaɲi kɔnɔ k'u ka ganselikɛgafe kan. Komi i be seka ye kariti sanfɛ, berlin ma surun cogoya foyisila kɔkɔjila ani o dugu lajɛli ma fara batɔn piri kan.
5	sports	Vidal, san 28, tun taara Barça la ni ye a sƐsɔn sabanan ye, a bɔɔlen Sewiye la.
453	science/technology	Kumaɲɔgɔnyaja mako b'a la ko porozɛkɔnɔfɛnw ka tugu ɲɔgɔnna, nka fɛnɛ u kelenkelenna ka baara kɛ.
