	index_id	category	text	gpt-3
0	1523	science/technology	Mutasi meutamah jeuneh genetik barô, ngön seleksi peugadoh nibak jeuneh meusapat nyang nyata.	Based on the provided text, it appears to be a piece of news related to science/technology.
1	1644	science/technology	Bom fisi jikeureuja meuasai bak prinsip bahwa jipeureulee keukuatan keu peusapat inti deungön proton ngön neutron.	Based on the provided text, it appears to be a piece of news related to science/technology. It discusses the principles of the atomic nucleus, specifically mentioning protons and neutrons.
2	558	science/technology	Inti atom nyan na keuh nibak duwa boh partikel – neutron ngön proton.	This piece of news seems to be related to science/technology, specifically the topic of atoms and particles.
3	456	science/technology	Nyoe nyang peumungken gaca lensa zoom keu jipeuhase gamba nyang getjih nyan seubandeng deungön gaca lensa deungön focus jioh nyang teutap.	Based on the provided text, it seems to be a piece of news related to science/technology. It mentions the use of a zoom lens and focuses on the capabilities of the lens.
4	906	science/technology	Awak nyan leubéh maju keu proxy web sebab padum boh alasan: Awak nyan geu-set mandum lalu lintas internet, kon http sagai.	Based on the provided text, it is not clear which category the news article belongs to. Could you please provide more information or the actual content of the news article?
5	452	science/technology	Beuntuk nyang interaktif nyan peureule keu gata taboeh yum lom sigoe teuk prasangka droeneuh keu peuna media ngön neumeurunoe keu neu pikee lam saboh cara nyang hana saban.	I'm sorry, but I couldn't understand the language you used in your message. Could you please rephrase your question in English?
6	1557	science/technology	Nyoe jeuet geupeubuet langsông le ureueng ramee, tapih busoe wab leubѐh bagah thoe ruda kayee geurubak.	Based on the given text, it is difficult to determine the category of the news article. Could you please provide more information or context about the article?
7	1360	science/technology	Prides meucakop saboh sampoe lhèe jantan baleh nyang meukawet, deungön lhèe plôh beutina ngön aneukjih.	I'm sorry, but I couldn't understand the text you provided. Could you please rephrase or provide more context?
8	1675	science/technology	Adakpi AI nyan nah ai nyang kong lam euleume sains hayal, AI nyan jipeudong saboh cabeung lam euleume sains komputer, nyang meuhubong noen peukateun, meureuno ngön caroengjih saboh meusen lam adaptasi.	Based on the provided text, it appears to be a news article related to science/technology. It mentions AI (Artificial Intelligence) and computer science, which are both related to the field of technology.
9	1430	science/technology	Aspek rasio lam ukoe nyoe (nyang jibagi lam duwablah keu tatumee dum-numboi rasi nyang paléng biyasa) nakeuh dikheun 3:2.	Based on the given text, it is difficult to determine the specific category of the news article. Could you please provide more information or context about the content of the article?
10	1907	science/technology	Saboh télépon sateulit umumjih kon saboh geulantoe keu télépon seluler, gata suah na i luwa deungön pandangan nyang trang mangat jeut peugot saboh panggelan télépon.	Based on the provided text, it is difficult to determine the category of the news article. The text appears to be in a different language and does not provide enough context to categorize it accurately.
11	1555	science/technology	Adakpih jalan geuritan apui jipeugot nibak papeun kaye nyang meusambong, awak nyan jibi idin keu guda tarék awak nyan nak bagah troek nyang leubѐh rayeuk ngön tarék beuban nyang leubѐh rayeuk nibak rauh nyang bacut leubѐh gasa bak uroe nyan.	I'm sorry, but I am unable to categorize the news article based on the provided text. The text appears to be in a different language or may not contain enough information to determine the category.
12	1632	science/technology	Ureueng ka ditupeue teuntang punca zat-zat kimia lagѐe meuh, pirak, ngön teumaga dari jameun dilee, nyang nyoe jeuet diteumee bak alam lam beuntuk asaijih ngön biasajih mangat geukueh deungon peukakah-peukakah primitif.	Based on the provided text, it is difficult to determine the category of the news article. The text appears to be written in a language that is not recognizable. Please provide a translation or more context so that I can better categorize the news article for you.
13	1354	science/technology	Ruda ka geupeuubah dônya deungön cara nyang hayeu that. Hai paléng rayëk nyang ka geupubuet ruda keu geutanyoe nakeuh bri keu geutanyoe transportasi nyang leubèh mangat ngön leubèh bagah.	Based on the provided text, it seems to be a news article related to transportation or travel.
14	462	science/technology	Hai nyoë dipeugot keu peupasti bahwa gamba geutôp ban mandum layar. Nyan geusebôt overscan.	I'm sorry, but I couldn't understand the language you used in your message. Can you please rephrase your question in English?
15	404	science/technology	Kapai nom ureueng Jeurman nanjih U-Boats. Ureueng Jeurman jroh that bak ime rakan bak ingui kapai nom awak nyan.	Based on the given text, it is difficult to determine the category of the news article. It appears to contain a mix of different topics and does not provide enough information to categorize it accurately.
16	604	science/technology	Adakpih sipheuet beuntukjih jeuet meugantoe, sipheuet kimiajih teutap saban.	"Based on the provided text, it appears to be a piece of news related to science/technology. The mention of ""Adakpih sipheuet beuntukjih jeuet meugantoe, sipheuet kimiajih teutap saban"" suggests a scientific or technological topic."
17	352	science/technology	Tegangan permukaan na sabab molekul ie di permukaan ie leubèh meutarek sabé kedroe-droejih nibak molekul udara di ateuhjih.	This piece of news seems to be related to science/technology. It discusses the concept of surface tension and the behavior of molecules at the surface.
18	459	science/technology	Salah saboh masalah nyang paléng umum 'oh watèë cuba ubah film u format DVD nakeuh pemindaian berlebih atawa overscan.	I'm sorry, but I couldn't understand the language you used in your message. Can you please rephrase your question or provide more context?
19	1519	science/technology	Seucara khas, jicap bahwajih sidroe ureueng jeuet jitupue pue keuh sidroe ureueng meusulet deungön geutakse ekpresi mikro deungön beutôi.	Based on the provided text, it is difficult to determine the category of the news article. Could you please provide more information or context?
20	1338	science/technology	Meuih jeut geuolah jeut keu bandum macam rupa. Meuih jeut geugulong jeut keu rupa nyang ubit.	I'm sorry, but I couldn't understand the text you provided. Could you please rephrase or provide more context?
21	1679	science/technology	Sistem AI nyoe jino kayém dingui lam bideung ekonomi, ubat, meusen ngön militer, lage nyang ka dipeugot le ladomkomputer rumoh ngön aplikasi software video keumeu’en.	Based on the keywords you provided, it seems like the news article you mentioned is related to science/technology. It discusses topics such as the economy, medicine, military, computer software, and video applications.
22	1428	science/technology	Nyoe mantoeng dipeuna sampoe ino hat, tapi nyang leubeh peunténg aspek rasiojih nyang ka dipeuwareh lam ukoe sensor gamba nibak kamera digital.	Based on the provided text, it appears to be a piece of news related to science/technology. It discusses the importance of sensor technology in digital cameras.
23	1432	science/technology	Hukom keulhee nyang paléng jai dipeureuloh ngön nyang paléng jai dikheun keu brok nakeuh saboh peutunyok nyang biyasa keu peuna peurobahan oh watѐe peuteutap ukoe nyang meujalen lam saboeh gamba.	I'm sorry, but I am unable to understand the language you have provided. Could you please provide the text in English so that I can assist you better?
24	1024	science/technology	Nyoe kon sagai geuteuntèe bahwa nakeuh ladom dinosaurus na bulèe, bôhsabôh teori nyang ka meusyuhu, teutapih umumjih han jeuet geubri rincian, lagèe wareuna ngôn susonan lhèe dimensi.	Based on the given text, it is difficult to determine the exact category of the news article. It appears to be discussing a topic related to dinosaurs, but the language used is not clear. Please provide a translation or more information for a more accurate categorization.
25	373	science/technology	Pakriban keuh gravitasi bumoe lo itarek lôn? Meunyö droeneuh neudöng ateueh lo, geuhöndroeneuh jeuet keu phui nibak Bumoe.	I'm sorry, but I am unable to understand the language you used in your query. Could you please rephrase your question in English?
26	1332	science/technology	NextGen nakeuh sistem nyang geuklaim FAA akan geupeumungkén kapaiteureubang keu teureubang rute nyang leubèh paneuk ngön himat meujuta galon bahan bakar tiep thôn ngön peukureueng emisi karbon.	Based on the provided text, it appears to be a piece of news regarding science/technology.
27	1670	science/technology	Data euleume saraf biologi nyan geupeuna bukti nyang nyata keu cara saboh teori keu geu kalon wase. Nyankeuh nyoe di peu ubit wilayah keu geumeusetot ngön nyoe jeuet keu leubѐh teupat.	Based on the provided text, it is difficult to determine the category of this news article. The text appears to be a mix of different subjects, including science, biology, geography, and theories. However, without more context or specific information, it is not possible to categorize it accurately.
28	61	science/technology	"Na meu 2 jeum ceuramahjih, göbnyan geukheuen bahwa ""Uröe nyöe Apple ka geutumée löm talipun, Kamöe neuk peugöt seujarah uröe nyöe""."	Based on the provided text, it is difficult to determine the category of the news article. It appears to be in a different language, making it challenging to understand the content.
29	454	science/technology	Nyang kureueng get nibak gaca lensa zoom nyan nakeuh bahwasajih fokus nyang payah ngön numboi nibak beukai gaca lensa nyan peureule keu beutrôh u saboh titek jioh fokus nyang leubeuh rayeuk nibak gaca lensa nyang phon.	Based on the provided text, it seems to be a piece of news related to science/technology. It discusses a problem with the focus of a zoom lens and how it affects the quality of the captured images.
30	1234	science/technology	Meuhi deungön remote televisi, kontrol jingui duwa boih sensor nyang geuduek di toe televisi ureueng ngui keu geupeusipat posisijih lam ruweueng lhèe dimensi.	Based on the provided text, it appears to be a piece of news related to science/technology.
31	1025	science/technology	Awak ilmuwan kheun bulèe hewan nyoe meuwareuna coklat kastanye bak bagian ateueh ngôn bagian yup meuwareuna pucat atawa meuwareuna karotenoid.	Based on the provided text, it appears to be a piece of news related to science/technology.
32	1254	science/technology	Banduwa senyawong nyan meureaksi saboh ngön nyang laén keu geupeugöt kristal nyang jeut geupeulinteueng keureuja ginjal, geukheun lé awak peneliti di universitas nyan.	Based on the provided text, it is difficult to determine the specific category of the news article. It appears to contain scientific or technological information, but without further context, it is not possible to categorize it accurately.
33	780	science/technology	Nyoe jeuet jibri resolusi karap peuet kali lipat nyang 35 mm negatif (3136 mm2 versus 864).	This piece of news appears to be related to science/technology. It discusses the resolution of a camera sensor, specifically the increase in resolution from 35 mm negative to 3136 mm2.
34	649	science/technology	Beurkat link kawat optic imiyup laot u Eropa ngön sateulit broadband, Greenland ka meusambong ngön 93% populasi na geuakses internet.	This piece of news appears to be related to science/technology. It discusses the installation of an undersea fiber optic cable in Europe to improve broadband connectivity, as well as the fact that Greenland has achieved internet access for 93% of its population.
35	917	science/technology	Salah saboh aplikasi paléng deuh dalam keunira nyoe nakeuh Google Translate, nyang mungkén peuneurjemahan online leuh unduh data basa nyang peurlèe.	I apologize, but I am unable to categorize the news article based on the provided text as it appears to be in a different language. If you can provide the article in English, I would be happy to help categorize it for you.
36	603	science/technology	Nyan na susonan molekul nyang saban peuekeuh nyan saboh gah, caye, atawa kreueh.	Based on the provided text, it is difficult to determine the category of the news article. The text appears to be in a language that is not recognized, making it challenging to identify the subject matter.
37	1518	science/technology	Peunungui reukaman video jeuet meuhase soe nyang tumee peunteng lam intepretasi ekpresi mikro, grak muka nyang meugrak padum milidetik.	Based on the provided text, it is difficult to determine the exact category of this news article. However, it seems to be discussing a video related to interpreting microexpressions, which could potentially fall under the category of science/technology or psychology.
38	584	science/technology	Ureueng-ureueng ka geupeugoet ngön geupeuguna lensa keu tapeurayeuk nibak trep meuribei – ribei thon.	Based on the provided text, it is not clear which category this news article falls into. Could you please provide more information or context about the article?
39	1589	science/technology	Kon nyan sagai, eksperimen, ngön saboh eksperimen nakeuh saboh ujoe cuba dingui keu peugadoh saboh atawa leubѐh nyang mungkén, geuteumanyong ngön geupeugot peungamatan cit geupeumeuho peunelitian alami.	Based on the provided text, it is difficult to determine the specific category of news. The text appears to be a mix of different languages and does not provide clear information about the topic.
40	1558	science/technology	Akhéjih, ruda kayee jigantoe deungön ruda busoe. Bak thon 1767, rel busoe phôn jipeuturi.	Based on the provided text, it does not appear to be a news article. It seems to be a random sentence or phrase that does not relate to any specific category of news.
41	922	science/technology	Seumeuntara seubagoe lë kartu get keu télépon dumho, padum boh spesialis dalam dijok yum panggelan keu keulompok nanggroe meuteuntèe.	Based on the given text, it is difficult to determine the category of the news article. It appears to be written in a language that is not recognized.
42	1981	science/technology	Jai teleskop peuneuliti moderen nyan keuh teumpat nyang rayek bak dairah-dairah deungön keuadaan cuwaca nyang get.	Based on the provided text, it appears to be a piece of news related to science/technology. The mention of a modern telescope suggests a technological advancement, and the mention of weather conditions may indicate the use of the telescope for scientific purposes.
43	351	science/technology	Jarom baja meuapong di ateuh ie sabab tegangan permukaan.	Based on the provided text, it does not appear to be a news article related to any of the given categories. It seems to be a sentence in an unknown language.
44	1429	science/technology	Ukoe 35mm nyan seubeutôijih, nyang mumangjih, 36mm lam panyang meusampeng ngön 24mm manyang.	I'm sorry, but I couldn't understand the information you provided. Could you please rephrase or provide more context?
45	578	science/technology	Sel meuasai that ngön peunteng keu meureuno nibak hudep, sebeutoijih, awak nyan kayém dipeugah seubagoe “dabeuh peunyuson hudep”.	I'm sorry, but I couldn't understand the language you used in your sentence. Could you please rephrase your question in English?
46	905	science/technology	Penyedia VPN pribadi (virtual private network) nakeuh cara leubéh get geuhindar mandua sensor politek ngön geusareng IP komersial.	This piece of news seems to be related to technology, specifically virtual private networks (VPNs) and their use in bypassing political censorship and commercial IP tracking.
47	264	science/technology	Stasiyon geupeutheun teumpatjih, bahpih gadoh giroskop sigohlomjih lam misi stasiyon luwa angkasa, sampoe akhe peurjalanan luwa angkasa.	This piece of news seems to be related to science/technology and travel, specifically about a space station and its journey in outer space.
48	628	science/technology	Ureuëng deungön tipe pemikiran nyoë po pemikiran nyang logis, sanggôp geuingat pola, peuseuleusoe masalah ngön pubuët tes ilmiah.	Based on the provided text, it is difficult to determine the category of the news article. The text appears to be in a different language. Please provide the article or a brief summary in English so that I can assist you better in categorizing it.
49	1366	science/technology	Ocelot galak pajoh meulatang ubit. Ocelot akan geudrop siben, uleue, tikoh ngön cicem meunyoe jijeut. Rap bandum meulatang nyang geupeucrok ocelot jeuoh leubéh ubit nibakjih.	I'm sorry, but I couldn't understand the content of the text you provided. Can you please provide a news article or a clear description of the topic you would like me to categorize?
50	779	science/technology	Padum boh kamera deungoen format teungoh jipakek format 6 x 6 cm, leubeh teupat jih 56 x 56 mm negatif.	This appears to be a piece of news related to technology or specifically, photography.
51	1874	travel	Ureueng jak tamasya sep brat geubi nasihat beu teugoh that meuresiko cuwaca hana get nyang meupeungaroh teumpat awak nyan kareuna jeuet keu mepeungaroh dumpue peurjalanan.	Based on the provided text, it is difficult to determine the specific category of news. The text appears to be written in a language that is not recognizable, making it challenging to identify the topic.
52	1734	travel	Moto Bus dibungka tasiyon moto bes lingkeue dairah (meukoh krueng) seupanyang uroe, adak kayémjih, khususjih nyang meujak u timu ngön Jakar/Bumthang jipeuhah antara poh 06:30 ngön poh 07:30.	Based on the provided text, it is difficult to determine the category of this news article. The text appears to be written in a language that is not recognized, making it challenging to identify the subject matter.
53	1840	travel	Atra duwa nyan jeuet keuh sabagoe peukakah keu peuaman ureueng nyang ek guda tapi jeuet cit keu meupaloe kareuna mungken gaki ureueng nyang ek guda jeuet meusangkot lam atra duwa nyan.	Based on the provided text, it is difficult to determine the category of the news article. Can you please provide more information or context about the content of the article?
54	1919	travel	Le dari kapai-kapai pesiar mewah Baltic Cruises dipiyoh dalam watèe nyang trep di St. Petersburg, Russia.	This piece of news is regarding travel.
55	828	travel	Saran nyan asumsijih ureueng meujak-jak hana geuceumeucu, peulanggaran, na partisipasi lam peukan illegal, ureueng lake-lake, atawa eksploitasi ureueng laen keu untong droe.	I apologize, but I am unable to categorize the news article based on the provided text. Could you please provide more information or context about the article?
56	818	travel	Na lee hai nyang peurle peutimang sigohlom ngoen watë gata jak bak saboh teumpat.	I'm sorry, but I couldn't understand the language you used in your message. Could you please provide the news article or a brief summary in English so that I can categorize it for you?
57	978	travel	Bak cot uroe nyang suum, peujeulajah meutume rasa fatamorgana nyang ibi bayangan ie (atawa hai nyang laén).	I'm sorry, but I couldn't understand the language you used in your sentence. Could you please rephrase or provide more context so that I can assist you better?
58	765	travel	Keuluwarga dengoen anuek miet jareung na, tapi padum boh bilek na nyang ibri ijin awak nyan bak kama pribadi.	I'm sorry, but I am unable to understand the language you have used. Could you please provide the article or information in English so that I can assist you better?
59	1992	travel	Miseujih tajak kalon kastil di Panton Loire, Panton Rhine, atawa meulaôt u teumpat-teumpat nyang get di Danube atawa ék jaloe ban saboh Kanal Erie.	I'm sorry, but I couldn't understand the language you used in your question. Could you please rephrase it in English?
60	823	travel	Nyan jeuet leubeh get ta ngui agen nyang kayem peusan peurjalanan saban ngoen gata.	I'm sorry, but I couldn't understand the language you used in your message. Can you please provide the news article or a brief summary in English so that I can categorize it for you?
61	762	travel	Couchsurfing jiteume bak buleuen Januari 2004 lheueh peupogram komputer Casey Fenton iteume peuneupho murah u Iceland tapi hana tempat piyoh.	Based on the provided text, it seems to be a news article related to travel.
62	932	travel	Visa peulajar umumjih dijok syarat meubeda ngön prosedur aplikasi dari visa ureung aséng normal atawa visa ureung keureuja.	Based on the provided text, it is difficult to determine the specific category of news. Could you please provide more context or specific details about the article?
63	678	travel	Tiep nanggroe sit na qanun ceudah lagoina peu dabeuh nyang meukarat nyang na lam moto.	Based on the provided text, it does not appear to be a news article related to any of the given categories. It seems to be a sentence in a different language.
64	822	travel	Adakpih le agensi akan geucok leubeh sereng peusanan teurato, le agen khusus bak peurjalanan, kisaran peng atawa tujuan.	Based on the provided text, it seems to be referring to a news article related to travel.
65	1820	travel	Ureueng nyang jak kunjong nyan mungken meurumpok ngoen binatang hama nyang awak nyan hana dituri lom bak dairah asai awak nyan.	I'm sorry, but I couldn't understand the language you used in your message. Could you please rephrase your question in English?
66	1947	travel	Na sit u baroh jak saweu teumpat suci ureueng inong Fatima (kuil), deuh takalon Mariah nyang meusyehu ban sigom dônya.	Based on the information provided, it is difficult to determine the exact category of this news article. It seems to be related to a specific location or event, but it does not fit into any of the given categories (science/technology, travel, politics, sports, health, or geography).
67	1713	travel	Droeneuh jeut neungui boda-boda (honda siwa) keu wet-wet lingka Goma. Biasa ongkohjih (lokal) 500 Francs Kongo miseue neuk jak nyang toe-toe.	I'm sorry, but I couldn't understand the language you used in your message. Could you please rephrase your question or provide more context in English?
68	731	travel	Keu awaknyan nyang peurasat buet uroe-uroe iluwa rumoh, peurjalanan u jurong laot u langet sep brat peunteng.	Based on the provided text, it appears to be a news article related to travel.
69	1808	travel	"Jak meusafari (kadang dikheun seubagoe ""jak lam beulueka"", ""jak jioh meusafari"", atawa jak ""ngoen tapak"") nyang na roeh jak jioh, jeuet padum jeuem atawa padum uroe."	Based on the provided text, it is difficult to determine the specific category of the news article. Could you please provide more information or context about the article?
70	1929	travel	Saboh-saboh jih cara bah jeut leubéh bagah bak takirem nyankeuh deungön di cek barang. Aturan maskapai han jeut di kirem barang lé awak nyan meunyoe hana peunumpang, nyan keuh nyan saat droenueh neu tamong.	Based on the provided text, it is difficult to determine the category of the news article. The text appears to be written in a language that is not easily identifiable. Additionally, the content does not provide any specific information about science/technology, travel, politics, sports, health, or geography.
71	131	travel	Tamah 300 jeut keu mandum 1.300 geureuböng nyang ka geupereulèe keu peukureuëng arat.	Based on the provided text, it does not appear to be a news article. It seems to be a random sentence or phrase that does not pertain to any specific news category.
72	814	travel	Keuluarga deungoen aneuk miet peurle leubeh le persiapan, tapi siuroe diluwa rumoh mungken leubeh mangat deungoen aneuk miet ngoen aneuk gohlom sikula.	Based on the provided text, it is difficult to determine the category of the news article. It appears to be a sentence in a different language. Please provide more information or context for a more accurate categorization.
73	1799	travel	Soe mantong nyang ek manyang that atawa leubeh nibak gunoeng beuna tingat keu salju, eeh, atawa suhu beuku.	Based on the given text, it is difficult to determine the category of the news article. The text appears to be a mix of different topics, including weather conditions (snowfall and temperature). However, without more context or specific information, it is not possible to categorize the article accurately.
74	1715	travel	Uroe nyoe, Timbuktu nakeuh kuta nyang gasien, adakpih martabatjih jeuet keu kuta seubagoe teumpat jak tamasya, ngön na saboh bandara.	Based on the provided text, it appears to be a piece of news related to travel and geography. It mentions Timbuktu as a tourist destination and discusses the presence of an airport.
75	1801	travel	Nibak trep bade salju, sep deungoen salju mantoeng jeuet peugot droeneuh reubah lam watë siklep mata.	I'm sorry, but I couldn't categorize the news article based on the given text. Could you please provide more context or information about the article?
76	957	travel	Meunyoe droeneuh na hawa neu phe u keulileng dônya ban mandum bak wilayah tunong bumoe, pilihan untuk jak rhet nan ngön untuk tujuan keunan nyan sangat terbatah kareuna dit that kapai phe ateuh laôt arah wilayah keunan.	I'm sorry, but I couldn't understand the language you used in your message. Can you please rephrase your question in English?
77	953	travel	Maskapai-maskapai lagèe Emirates, Etihad Airways, Qatar Airways & Turkish Airlines ka di peuluwah wilayah phe kapai troh u Afrika, ngön di peutaba tujuan u kuta-kuta nyang na di Afrika deungön yum nyang leubéh murah dari Maskapai-maskapai Eropa.	This news article is about travel.
78	1334	travel	Hana transportasi leubèh nyang geupasang ngön gritan di ateuh tanoh hana akan meupiyoh di Wembley, ngön fasilitas parkir moto seureuta parkir-ngön-ek moto hana teuseudia di darat.	Based on the provided text, it is difficult to determine the specific category of news. The text appears to be in a different language and does not provide clear information about any specific topic.
79	931	travel	Umumjih, tinggai i nanggroe laén lam watèe nyang trep suah tameurumpok visa phôn-phôn that.	Based on the provided text, it is difficult to determine the category of the news article. Could you please provide more information or context about the content of the article?
80	855	travel	Tip geureutan apui na peulatih MetroPlus ngoen Metro; peulatih MetroPlus sabe geuduek bak ujong geureutan apui toe ngoen Cape Town.	Based on the provided text, it appears to be a piece of news regarding travel.
81	1607	travel	Tiep-tiep ureueng sapeu kheun lam ureueng jai ngön geupakek sistim transportasi. Karab mandum ureueng geupeugah hai keu sistim transportasi.	I'm sorry, but I couldn't understand the language you used in your question. Can you please rephrase or provide more context?
82	2004	travel	Kareuna daerah nyoe jareung na peunduduk, polusi hana jeut keu masalah, gata jeut mangat bak mata teuh deuh bintang-bintang.	I'm sorry, but I couldn't categorize the news article based on the provided text. It appears to be written in a language that I am not familiar with. If you could provide the article in English or provide more context, I would be happy to assist you in categorizing it.
83	677	travel	Syarat ngön eungkoh yum visa meubagoe jinѐh nibak saboh nanggroe laen ngön jipeungaroh le nanggroe asai droeneuh.	I'm sorry, but I cannot categorize the news article based on the given text. The text you provided appears to be in a different language and does not provide enough information to determine the category of the news article.
84	1932	travel	Seucara umum jih, hana meuguna tamita kureueng yum bangku glah bisnis atawa glah phon nibak penerbangan lansong poe dari A u B.	Based on the provided text, it is difficult to determine the category of the news article. Can you please provide more information or context about the content of the article?
85	846	travel	Rhom Bumerang nyan keuh saboh keuahlian nyang meuceuhu nyang galak le ureueng jamee.	I apologize, but I am unable to understand the language you have used in your query. Could you please rephrase your question in English?
86	960	travel	Penerbangan nyoe kon saboh-saboh jih cara meunyo droeneuh meuheut neupeuliwat arah phe South Pacific ngön wilyah panté barat dari Amèrika Selatan. (neu kalen di yup)	Based on the provided text, it is difficult to determine the category of the news article. The text appears to be in a different language and does not provide enough context to categorize it accurately.
87	662	travel	San Fransisco ka geukeumbangkan infrastruktur peungunjong nyang rayeuk deungön le hotel, teumpat seumajoh, ngön teumpat keuseupakatan glah-ateuh.	Based on the provided text, it seems to be a piece of news related to travel. It mentions the development of infrastructure in San Francisco for tourists, hotels, and agreements related to the place.
88	942	travel	Peutaba droe watèe tajak lam traveling nakeuh saboh cara nyang get untuk tapeugot saboh hai nyang meubeda tapi nyan keun cuma tentang buet jok.	Based on the provided text, it is difficult to determine the category of the news article. The text appears to be written in a language that is not easily recognizable. Could you please provide more information or context about the article?
89	1894	travel	Ureueng mungken hana geutupeue bahwa saba ngon meuphom nyan peureulee keu awak galak jak-jak nyang woe u rumoh.	I'm sorry, but I couldn't understand the language you used. Could you please rephrase your question in English?
90	956	travel	Bèk tuwo neu tamah biaya keu tambahan visa, pajak watèe ta phe, biaya jak di darat, ngön sabagoejih keu mandum teumpat-teumpat nyan nyang diluwa Africa.	Based on the provided text, it is difficult to determine the exact category of this news article. The text appears to be in a different language and does not contain specific information related to any particular category.
91	1172	politics	Ladôm ureuëng gampông Bishkek geupeusalah peungunjôk rasa nibak seulatan ateuh meulanggéh hukôm.	Based on the given text, it appears to be a news article related to politics.
92	433	politics	Ladom Belgia watѐe nyoe nakeuh ladom Luksemburg masa u likot teutapi jeuet keu Belgia oh lheueh Revolusi Belgia thon 1830an.	Based on the provided text, it is difficult to determine the category of the news article. The text appears to be a mix of different languages and does not provide clear information about the subject matter.
93	1162	politics	Phôn thôn 1988, kutak su suwah transparan beujeuet peumiléh ngön peungamat geukalöen bahwa hana amplop bak awai peumungutan su ngön hana amplop nyang geutamah keucuwali ata peumiléh nyang ka geubileung ngön geubri kuwasa.	Based on the provided text, it is difficult to determine the category of news.
94	1320	politics	Simeuntara Peurdana Meuntroe Julia Gillard peuklaim lawét kampanye peunileh federal 2010 bahwa gobnyan geupateh Australi haroih jeut keu republik bak akhe pemerintahan Ratu Elizabeth II.	This piece of news appears to be related to politics.
95	181	politics	Peumeurintah Irlandia geupeuteugon urgensi hukôm parleumen keu geupeugöt keuadaan.	Based on the provided text, it is difficult to determine the category of the news article. The text appears to be a mix of different languages and does not provide enough context to identify the topic.
96	963	politics	Argumen diplomatik bak wilayah nyan sabèe jipeubroek hubungan antara Armenia ngön Azerbaijan.	This piece of news is regarding politics.
97	1068	politics	Peurdana Meuntröe Stephen Harper ka sapue kheun keu geukirèm 'Clean Air Act' pömeuréntah u komite bandum pihak keu geukalön lom, sigöhlöm geubaca keuduwa jih, ‘oh lheuh meurumpok 25 minét uröe Seulasa ngôn syheh NDP Jack Layton di PMO.	This piece of news appears to be regarding politics.
98	284	politics	Sibuleuen nyang ka leupah, na protes rayek di Polandia watee nanggroe nyan geutanda tangan ACTA, nyang peuseubab peumeurintah Polandia jipeuputoh han meuratifikasi perjanjian nyan, keu saat nyoe.	Based on the provided text, it appears to be a piece of news related to politics.
99	1868	politics	Nasihat nakeuh saboh ceurita tuet bak keuadaan politek i saboh nanggroe.	Based on the provided text, it appears to be a piece of news related to politics and geography.
100	1015	politics	Lam peunileh 1976,gobnyan geubi nasihat bak Carter teuntang kebijakan luwa nanggroe, alheuh nyan meutugah sebagoe Penasihat Keuamanan Nasional (NSA) 1977-1981, geulanto Henry Kissinger.	Based on the provided text, it appears to be a piece of news regarding politics.
101	1023	politics	Turki neuk cok pulang cit kawai awak peujuang ISIS nyang geudrop, nyang meunurot pernyataan nyan, nanggroe- nanggroe Eropa ka geutulak keu geupeuwoe.	I'm sorry, but I am unable to categorize the news article based on the provided text. It appears to be a mix of different languages and does not provide clear information about the topic.
102	1545	politics	Beuranggandum, peugah nyoe jeuet useueng karap lam simalam, watѐe leubeh nibak 800.000 teuntra nibak Teuntra Mirah Uni Soviet jitamong ngön peugöt blah Belarusia ngön Ukraina oh lheueh geujak invasi wilayah timu Polandia nyang sakeue kanun Dame Riga, Pakta Hana-Agresi Soviet-Polandia, ngön kanun internasional laén, jeuet bilateral atawapih multilateral.	Based on the provided text, it appears to be a news article related to politics and international relations.
103	300	politics	Lheuh proses nyan, HJR-3 geu neuk tilek lom lé legislatif nyang teupileh lheuhjih gèt thôn 2015 atawa 2016 keu teutap lam proses.	I'm sorry, but I couldn't categorize the news article based on the provided text. Could you please provide more information or context about the article?
104	1565	politics	watѐe kaleuh geuteurimong le Kongres oh tanggai 4 Juli, saboh kheuet kageuboh teken le Presiden Kongres John Hancock ngön Sekretaris Charles Thomson leuhnyan kirѐm geukirѐm u saboh keude salen nyang hana that jioh nibak sinan ata John Dunlap.	This piece of news appears to be regarding politics.
105	8	politics	Teupat oh lheuh pôh 11:00, ureuëng nyang proteh geutôp lalu lintas di gerbong utara di Whitehall.	"Based on the information provided, this news article appears to be related to ""politics"" as it mentions a traffic disruption in Whitehall, which is a major political and governmental area in London, UK."
106	489	politics	Beuranggandum, bak buleun Juni 1956, janji Krushchev jiujoe watѐe karu i Polandia, dipat ureueng-ureueng keureuja ka geumeudawa han sep peunajoh ngön ikoeh gaji, meu ubahjeuetkeu dawa ureueng ramee bak Komunisme.	I'm sorry, but I'm unable to categorize the news article based on the provided text. The text appears to be in a different language and does not provide enough context to determine the category.
107	1543	politics	Nyan akan meulangsong lam 40 thon u keu ngön akan geupeujuang ngön nyata, le teuntra dari cabeung, bak wilayah prang nibak Afrika trôh u Asia, bak Afghanistan, Kuba, ngön le teumpat laén.	I'm sorry, but I am unable to categorize the news article based on the provided text. The text appears to be in a different language, and I am not able to understand its content.
108	1296	politics	Buleuen nyang ka leupah komisi keupresidenan geurekom peungunduran droe CEP sigohlomjih sebagoe bahgian nibak paket buet keu peugrak nanggroe u peumileh barô.	Based on the given text, it appears to be a news article related to politics.
109	1289	politics	Topik laén nyang geubrithèe teumasok keuadaan masa ukeu Yerusalem nyang suci keu banduwa nanggroe ngön peukara Leumbah Yordan.	Based on the given information, this news article appears to be related to politics. It mentions the situation in Jerusalem and the conflict in the Jordan Valley.
110	1413	politics	Nyan pih kön poe keurajeuen neuk peusiblah qanun-qanun pajak ngön engkoeh nibak nanggroe bahgian.	Based on the provided text, it is not possible to determine the category of the news article. The text appears to be in a different language or contains unfamiliar terms.
111	1161	politics	anun peumilu Peurancih geupeuatôe proses seucara keutat.	I'm sorry, but I couldn't understand the language you used in your response. Could you please rephrase your question in English?
112	1067	politics	Oh lheuh sialeuhad talôe lam peumilèh siteungöh watèe, Bush geukheun keu ureuëng nyang kalön hai peuluwah peurdagangan i Asia.	Based on the provided text, it is difficult to determine the category of the news article. The text appears to be in a different language and does not provide enough information to categorize it accurately.
113	1440	politics	Reuncana nyan beutôi keu jeuet meuhase, nyan jipeuputoh peukakah keu ureueng militer ngön masyarakat, adakpi peutheun rauh nyoe meulanggeh ngön hukom Donya nyang ka geuteurimong le mandum nyang dipeugöt le ladom nyang meusaboh pakat duwa reutoh thon nyang ka ulikot.	Based on the provided text, it is difficult to determine the exact category of this news article. It appears to be discussing a plan related to military activities and the involvement of the judiciary system, but more context is needed to accurately categorize it.
114	1937	politics	Sinambong ekonomi ka geupeugot lom antara dua boh bahgian Moldova adak pih keuseupakatan hana meuhasé.	Based on the provided text, it is difficult to determine the category of this news article. It appears to be written in a language that I am not familiar with. Please provide more information or a translation of the text so that I can assist you better.
115	168	politics	Geupeungön lé awak peujabat nyan, gobnyan geupeuyaken wareuga Texas bahwa langkah-langkah teungoh geucok keu geupeulindong keuseulamatan publik.	Based on the provided text, it is difficult to categorize this news article accurately. It appears to be written in an unfamiliar language or contains words that do not correspond to any specific category.
116	1055	politics	Kritik liberal keu upaya rekonstruksi ka meufokus bak geubi kontrak rekonstruksi keu ureuëng i Washington nyang geuanggap.	Based on the given text, it is difficult to determine the specific category of news. It appears to be discussing a critique of liberal efforts in reconstruction and focusing on a contract in Washington. This could potentially fall under the category of politics.
117	1319	politics	Dari 1.400 ureueng nyang geusurvei sigohlom peunileh federal 2010, awak nyang lawan Australi nyang jeut keu republik timoh 8 persen mulaphôn 2008.	Based on the given information, this news article appears to be related to politics.
118	92	politics	Awak diplomat kheun bahwa awaknyan ka meutumée cuköp ambiguitas lam konstitusi Afghanistan keu geupeuteuntè putaran keduwa sebagöe hana peureulée.	Based on the provided text, it is difficult to categorize this news article accurately. It appears to be discussing a diplomatic issue related to Afghanistan's constitution, but it does not fit into any specific category mentioned (science/technology, travel, politics, sports, health, or geography).
119	1189	politics	Oh lheuh haséjih tamong, Gingrich geupeupujoe Santorum, teutapih na kalimah gasa keu Romney, nyang ateuh nan soe iklan kampanye hana get geupeudeuh nibak Iowa meulawan Gingrich.	Based on the provided text, it appears to be a piece of news regarding politics.
120	1295	politics	Nyoe nakeuh CEP keu limong Martelly lam peuet thôn.	Based on the provided text, it is difficult to determine the category of the news article. Could you please provide more context or information about the article?
121	1323	sports	Peraih medali meuih Olimpiade nyan akan meulangue lam gaya bibeuh 100m ngön 200m ngön lam lhèe estafet di Commonwealth Games, tapi sabab keluhanjih kebugaranjih geuragu.	This news article is regarding sports.
122	308	sports	Silaén jawara nyang ka leupah Olympic and World, Saito nakeuh peutua komite peulatihan All Japan Judo Federation bak watèe meuninggaijih.	Based on the given text, it appears to be a piece of news related to sports.
123	215	sports	Komite Olimpiade Internasional pileh keu geupeutamöng ulahraga bak peurteumuan dewan eksekutif i Berlin uroe nyoe. Rugby, teuntejih rugby union, ngön golf geupileh nibak limong ulahraga laén keu geutimang keu meuikot lam Olimpiade.	This piece of news is regarding sports.
124	1748	sports	Turnamen sithon sigo nyang paleng rayeuk dipeugot lam buleuen Desember bak lapangan polo i Las Cañitas.	Based on the information provided, it seems like this news article is related to sports.
125	6	sports	Peuphôn pinah u ibukuta Catalan, Vidal ka meu’èn 49 pertandingan keu klub nyan.	I'm sorry, but I couldn't understand the language you used in your sentence. Could you please provide the text in English or clarify your question?
126	552	sports	Tapeuna keu daya kesihatan nyang timang, tapubuet cara jep ie nyang get keu lazem, ngön beu tameuphom keupadup boh hai neuk buet pajôh suplemen nyang neuk j jeuet di peu ek teunaga sidroe atlit ngön jipeu ek rasa seunang lam meuneu’en (sport).	Based on the provided text, it appears to be a piece of news related to health.
127	159	sports	Bak posisi kelhèe, Hamlin talô duwa plôh poin, teutapih meunang limöng poin nibak Bowyer. Kahne ngôn Truex, Jr. maséng-maséng na bak posisi keulimöng ngôn keunam deungôn 2.220 dan 2.207 poin.	I'm sorry, but I couldn't categorize the news article based on the provided text. It appears to be in a different language or format that I am not able to understand. Could you please provide more information or a different text for me to categorize?
128	11	sports	Rekor ulee keu ulee Nadal meulawan petenis Kanada nakeuh 7–2.	This is a piece of news regarding sports.
129	184	sports	Jarque geumeurunoe seulama peulatihan pra-musem i Coverciano i Itali bak uroe sigohlomjih. Gobnyan geueh i hotel tim kunjông peurtandéngan nyang geurancang uroe Aleuhad lawan Bolonia.	Based on the provided text, it appears to be a piece of news related to travel.
130	1335	sports	Rasa kawaté akan kureuengjih transportasi peugöt leubèh rayëk keumungkénan bahwa peurtandéngan akan geupaksa geumeu’èn seucara meutop ngön hana pendukông tim.	Based on the provided text, it is difficult to determine the category of the news article. It appears to be written in a language that is not recognized.
131	1317	sports	"Tommy Dreamer geukheun ""Luna nakeuh Ratu Ekstrim phôn. Menejer phôn lôn. Luna matèe bak malam duwa buleuen. Sép ceudah lagèe gobnyan. Inöng nyang teuga."""	I'm sorry, but I am unable to categorize the given text as it appears to be in a different language. If you provide the text in English, I would be happy to help categorize it for you.
132	1200	sports	Awak nyang meu’èn ski agam dari Polandia nyang han jeut eu, Maciej Krezel, ngön pemandu Anna Ogarzynska geuduek keulhèe blah bak Super-G. Jong Seork Park dari Korea Seulatan geuduek keuduwa plôh peuet bak Super-G duek agam.	This piece of news seems to be about sports, specifically skiing and a Super-G competition.
133	1750	sports	Keu haba teuntang turnamen ngoen pat dipubloe tiket keu acara tadong polo, neukalon bak Asociacion Argentina de Polo.	This piece of news seems to be related to sports.
134	1149	sports	Meuneu'en dimulai poh 10:00 beungoh ngon cuaca nyang get bah that ujeun meupreut-preut bak beungoh nyang pirang deungon bagah, nyan adalah uroe nyang samporeuna untuk rugby 7.	Based on the provided text, it appears to be a news article related to sports, specifically rugby 7.
135	1199	sports	Arly Velasquez nibak Meksiko geuduek keulimöng blah lam Super-G duek agam. Adam Hall nibak Selandia Baroe geuduek keusik ureuëng lam Super-G döng agam.	Based on the given text, it is not possible to determine the category of the news article. The text appears to be a mix of names and words that do not provide clear information about the subject matter.
136	1177	sports	andéng seueneulheuh nibak babak nyôe keuneuk ipuduëk i Ellis Park di Johannesburg aleuhadukeu watèe Springboks meu‘en lawan Australi.	This piece of news is regarding sports.
137	1853	sports	Lam watë nyang get gata keuneuk troh u teumpat nyang leubeh jioh lom nibak neujak ngoen tapak – tapi jareung that gata keuneuk troh bagah lagee tajak ngoen ski i alam luwa ngoen hana tah geuhon sajan watë i jalan nyang biyasa.	Based on the provided text, it is difficult to determine the category of the news article.
138	158	sports	Talô tujoh poin, Johnson na lam posisi keuduwa deungôn 2.243.	I'm sorry, but I couldn't understand the language you used in your question. Could you please rephrase it or provide more context so that I can assist you better?
139	809	sports	Jak lam reuleueng (atawa: canyoneering) na keuh jak di meuyup saboh reuleueng, nyang mungken kadang thoe atawa punoh ngoen ie.	I'm sorry, but I couldn't determine the category of the news article based on the provided text. Could you please provide more information or context about the article?
140	1062	sports	Robin Uthappa peugöt nilai tingkat palèng manyang, 70 plueng sit lam 41 bohla ngôn geupéh 11 ​​peuët ngôn 2 nam.	I'm sorry, but I couldn't categorize the news article based on the provided text. Could you please provide more context or information about the article?
141	1417	sports	Ulahraga musem leupie paléng meusyuhue i wilayah Utara, deungön ureueng Italia meulomba lam tandeng internasional ngön acara Olimpiade.	This piece of news is regarding sports.
142	78	sports	Maroochydore kaleuh I ateuh rinyeun, nam poin nibak Noosa bak pösisi keduwa.	Based on the provided text, it does not appear to be a news article. It seems to be a random collection of words and does not contain any relevant information to determine its category.
143	1238	sports	Michael Schumacher geupeuakhe balapanjih hana treb lheuh Alonso, sabab kerusakan suspensi lam lë bagoe pertempuran lawét balapan.	Based on the provided text, it seems to be a piece of news related to sports. Specifically, it appears to be about Michael Schumacher's involvement in a race and the suspension damage he encountered during a battle in the race.
144	551	sports	Pajôh peunajoh nyang sihat sagai nyan hana sep keu peuna teunaga nyang hayeu, tapih atranyan jeuet keu brat meuakibat nibak ureueng atlet muda keu ban mandum keuadaan nyang get.	Based on the provided text, it is difficult to determine the category of the news article. The text appears to be in a different language and does not provide specific details about the topic.
145	1324	sports	Gobnyan hana jeut jeb ubat nyang geupeureulèe keu geupeupuleh rasa sakétjih sabab geutham dari Olimpiade.	Based on the provided text, it is difficult to determine the category of the news article. The text appears to be in a different language and does not provide specific information about the content of the article.
146	1584	health	Peuneulitian ka geuteume bahwasajih ureueng inong leubѐh mudah keunong MS duwa goe lipat nibak ureueng agam.	Based on the provided text, it is difficult to determine the category of the news article. Could you please provide more information or context about the content of the article?
147	803	health	Jiwa hana jeulah meuasoe meubagoe macam hai kuto nyang meubahya lagee metanol, nyang jeuet keu seubap buta atawa mate adakpih lam dosis ubeut.	I'm sorry, but I couldn't understand the language you used in your message. Can you please provide the text in English so that I can assist you better?
148	564	health	Peungaroh nibak bala sagai, koen depresi ngön yoe nyang keuh syarat nibak sesi PA meususon tiep aleuhad meuatoe.	I'm sorry, but I couldn't understand the language you used in your message. Could you please provide the text in English or clarify your question?
149	1482	health	Kepemilikan moto massal pih jeut keu seubab leubéh le insiden kecelakaan di jalan, nyang meuarah nibak teuneumèe teknik barô lam perawatan kesehatan keu peugöt tubôh nyang reulöh.	Based on the provided text, it is difficult to determine the exact category of this news article. It seems to discuss a mass motorcycle ownership and its impact on accidents and healthcare, but it does not fit into any specific category mentioned (science/technology, travel, politics, sports, health, or geography).
150	1	health	Peneliti utama kheun atra nyoe mungken meuhasé deteksi phôn keu kanker, TBC, HIV ngôn malaria keu pasien di nanggroe nyang gasien, nyang teuh tingkat keu udép keu peunyaket lagèe kanker bôh dada jeut siteungoh dari nanggroe nyang leubéh kaya.	This piece of news appears to be related to health.
151	998	health	Dr. Ehud Ur, profesor kedokteran bak Universitas Dalhousie di Halifax, Nova Scotia ngôn keupala divisi klinis ngôn ilmiah dari Asosiasi Diabetes Kanada geupeuingat bahwa penelitian nyoe mantöng lam masa nyang keuphôn.	This piece of news is regarding health.
152	511	health	Aneuk-aneuk miet nyoe jai meupeukara, sabab awak nyan “teupaot lam bahaya peukateun, jimeulhoe, ngön jilawan awak rayeuk” keu peuransang utakjih, sabab utakjih han meuransang deungön metode biyasa.	Based on the provided text, it is difficult to determine the category of the news article. Could you please provide more information or context about the article?
153	138	health	Manusiya jeuet jipeungarôh deungôn peulheuh nafah nyang keunông ië nyang jiba u udara lé angén ngôn geulumbang.	I'm sorry, but I couldn't understand the language you used in your message. Could you please provide the text in English or clarify your question?
154	520	health	Padum droe ureueng geupateh bahwa ka geualami le lumpoe jeungeh nyang diinduksi ngön cara artifisial kayem cukop jeuet hek that.	Based on the given text, it is difficult to determine the specific category of news. The content seems to be a mix of different topics and does not provide clear information about any specific subject.
155	1226	health	Potro teurimong perawatan di baho gobnyan jinoe tapi meuhasé balek u permeuenan.	I'm sorry, but I couldn't understand the language you used in your message. Can you please provide the news article or a brief summary in English so that I can categorize it for you?
156	1526	health	Seulaén nyan, hana wase keu peubuet na akibat gasui: depresi meutimoh, keureueng gizi, ngön akhejih matee.	Based on the provided text, it is difficult to determine the category of the news article. The text appears to be in a different language and does not provide enough context to categorize it accurately.
157	1153	health	Peujabat kuta Amsterdam ngôn Museum Anne Frank kheun bahwa bak nyan ka meukulat ngôn meupeuseubab bahaya keusihatan ureuëng ramée sabab awaknyan ipeugah bahwa bak nyan lam bahya reubah.	Based on the provided text, it is difficult to determine the specific category of the news article. The text appears to be a mix of different languages and does not provide clear information about the topic.
158	1208	health	Rumoh sakét ka ipateh protokol peungeundalian infeksi, teumasok geupeuaséng ureueng sakét nibak ureueng laén keu geuhindar keumungkénan infeksi ureueng laén.	This piece of news appears to be related to health.
159	1204	health	Institut Keadilan ngon Demokrasi Haiti ka mengacu pada studi independen nyang geupeugah bahwa batalion kawai dame PBB Nepal hana geuthei geuba peunyaket nyan u Haiti.	This news article seems to be related to politics.
160	1822	health	Peunyaket nyang meujangket nyan, atawa meunatang nyang meupaloe nyang jeuet peuluka atawa jikapeulut atawa jipoh matee ureueng ngoen jipaksa, biasajih han ditamoeng lam keulompok hama.	Maaf, saya tidak dapat memahami bahasa yang Anda gunakan. Bisakah Anda mengulang pertanyaan Anda dalam bahasa yang lebih jelas?
161	510	health	Anuek miet nyang keunong ADD payah keu fokus bak hai-hai lagѐe buet sikula, teutapi awak nyanjeuet konsentrasi bak hai-hai nyang awak nyan galak lagѐe maeen game atawa kaloen karton nyang galak awak nyan atawa jitumuleh kalimah hana meutanda baca.	I'm sorry, but I couldn't understand the language you used. Could you please rephrase your question in English?
162	1097	health	Lam watée sithôn, ureuëng nyang teuinfeksi jeut geupeuinfeksi 10 sampöe 15 ureuëng nyang rab.	Based on the provided text, it seems to be a piece of news related to health. The text mentions an infection and a specific number range, which indicates a health-related topic.
163	1129	health	Watèe prang ka jipiyôh ‘oh lheuh nyang cidra geuba u rumôh sakét, lingka 40 narapidana nyang tinggai jidue' lam taman ngôn tulak keu riwang u sèl awaknyan.	I apologize, but I am unable to understand the language you have used in your message. Could you please provide the article or a brief summary in English so that I can assist you in categorizing it?
164	495	health	Dokter kamulai geutarek le Raja Agustus ngön geupeugoet Korporasi Medis Romawi nyang keu phon keu jingui oh lheuh prang.	I'm sorry, but I couldn't understand the language you used in your sentence. Could you please rephrase or provide more context?
165	1279	health	Tapi, ureueng mèe moto brat that lut bakulèe.	"Maaf, saya tidak dapat memahami kalimat terakhir yang Anda tulis. Namun, jika Anda ingin mengetahui apakah suatu artikel berita termasuk dalam kategori ""science/technology, travel, politics, sports, health, or geography"", mohon berikan judul atau ringkasan artikel tersebut kepada saya. Saya akan mencoba membantu Anda dalam mengategorikan artikel tersebut."
166	997	health	"""Kamöe jinoe na tikoih umu 4 buleuen nyang hana diabetes nyang awaijih saket diabetes,"" geutamah le gobnyan."	Based on the provided text, it is difficult to determine the exact category of the news article. The text appears to be written in a language that is not recognizable, making it challenging to identify the topic.
167	1576	health	Tuba nyang keunong lam tuboh nyan han deuh sigra. Hai-hai nyang meuteuka, lage muntah nakeuh umumjih saboh hai keupariksa nyang bagah hanjeut tapeuna.	I'm sorry, but I am unable to understand the language you have provided. Could you please provide the text in English or clarify your question?
168	1187	entertainment	Musababjih, awak nyang meu'en nyan geupiëp rukök ganja i ateueh panggông, ngôn sandiwara nyan keudröe geupeumeuheut ureuëng kalön keu meusapat.	Based on the provided text, it is difficult to determine the category of the news article. Could you please provide more information or context about the article?
169	1221	entertainment	Aerosmith ka geupeubateue euncit konser awak nyan lam tur awak nyan.	Based on the provided text, it is not possible to determine the category of the news article. The text appears to be a mixture of random words and does not provide any meaningful information.
170	1791	entertainment	Meusue droeneuh neuk toe dengoen geulagat droeneuh wajeb jak beu phôn nak meutume teumpat dom toe deungoen musik.	I'm sorry, but I couldn't understand the language you used in your sentence. Could you please provide the text in English so that I can assist you better?
171	777	entertainment	Nyan jai format filem nyang meubeda-beda nyang jipakek ka meuthon-thon. Pileuem standar 35 mm (36 x 24 mm negatif) nyan keuh nibak umumjih.	I'm sorry, but I couldn't understand the language you used in your question. Could you please rephrase it in English?
172	668	entertainment	Adakpih nyoe na keuh saboh keugiatan nyang umum, tapih geuteugah le Disney: tiket hanjeuet pinah jaroe.	Based on the provided text, it appears to be a news article related to travel. It mentions Disney and ticket prices, which are typically associated with travel and tourism.
173	38	entertainment	Tiep episode acara akan pupusat bak tema lam buku teuteuntee ngon lheueh nyan geupeuget tema nyan meulalui hikayat-hikayat.	I'm sorry, but I couldn't understand the language you used. Could you please rephrase your question in English?
174	1058	entertainment	Ladôm layeue tivi rayôek geupasang dum pat i Roma mangat ureuëng-ureuëng kalön upacara nyan.	Based on the provided text, it is difficult to determine the category of the news article. The text appears to be in a language that is not recognized, making it challenging to categorize the news article accurately.
175	414	entertainment	Sophocles ngön Aristophanes nyan ureueng nyang meu’en dalupa nyang mantong meusyeuhu ngön dalupa awak nyan ithee seubagoe salah saboh nyang paléng got nibak literatur donya.	I'm sorry, but I couldn't understand the text you provided. Can you please rephrase or provide more context?
176	39	entertainment	Tiep piasan akan geubri cit rekomendasi buku-buku nyang haroh geumita le aneuk-aneuk miet watee awak nyan jak u pustaka awak nyan.	I'm sorry, but I couldn't understand the language you used in your question. Could you please rephrase it in English?
177	480	entertainment	Bak akordeon, bah meuteumee su nyang leubeh rayek, gata neumboh deungon leubeh meuteugon atawa leubeh bagah.	I'm sorry, but I couldn't understand the language you used in your question. Can you please rephrase it or provide more context?
178	1896	entertainment	Gata jeut taeu piramida nyan lam seupôt ngön lam seungap sigohlom piasan nyan dipuphôn.	Based on the provided text, it is difficult to determine the category of the news article. The text appears to be in a different language or contains words that are not recognizable. Please provide more information or a translation of the text for better categorization.
179	1602	entertainment	Tamsejih buet siuroe –uroe bak droe teuh teumasok jak lam uteun, jak keumawe, jak cok gamba, jak tilek cicem, ngön jak saweu seulaman ngön jak seutot beurita bah ekosistem.	Based on the provided text, it is difficult to determine the category of the news article. The text appears to be written in a language that is not easily identifiable.
180	1898	entertainment	Sphinx nyan dipeujeut keu layeu di likôt ngön keu nyang peugah saboh calitra nyang panyang.	I apologize, but I am unable to understand the language you are using. Could you please rephrase your question in English?
181	1797	entertainment	Awak nyan biasajih na makanan khusus, ie jep ngoen ipeutaba piasan, keu jamee nak nyaman geuh, ngoen keu jaga awak nyan bak premis.	I'm sorry, but I couldn't understand the language you used in your question. Could you please rephrase it in English?
182	344	entertainment	Ka geupeuthèe lam basa Inggreh ngön Jeupang, organisasi global geupeuteubiet program meubasa Spanyol, Itali, ngön Korea, keu televisi, web, ngön perangkat seluler.	Based on the provided text, it seems to be a piece of news related to technology.
183	1209	entertainment	Sigohlom The Simpsons Simon ka keurija i ladom piasan bak macam posisi.	I'm sorry, but I couldn't understand the content you provided. Could you please rephrase or provide more context?
184	1235	entertainment	Nyoe akan geupeumungkén pemeuen geupeutimang tindakan ngön grak lam video game deungön geupeugrak peurangkat di udara.	Based on the provided text, it appears to be a news article related to science/technology. It discusses the use of video games and drones in a certain action or activity.
185	309	entertainment	Seutidakjih 100 droe ureueng ka teuka lam pesta nyan, keu piyasan milad phôn pasangan nyang peurnikahanjih geupubuet thôn nyang ka leupah.	I'm sorry, but I couldn't understand the language you used in your question. Could you please rephrase it in English?
186	1020	entertainment	Dua bôh lagu dari film nyan, Audition (The Fools Who Dream) ngôn City of Stars, teurimöng nominasi keu lagu asli nyang paléng get. Studio Lionsgate teurimöng 26 nominasi — leubéh le dari studio nyang laen.	I'm sorry, but I couldn't categorize the news article based on the given text. It appears to be a mix of different languages and does not provide clear information about any specific topic.
187	1648	geography	Krak jih teubai sangkira 70 km i bagian nyang toe ngön teubai 100 km i bagian nyang jiohjih.	I'm sorry, but I couldn't categorize the news article based on the provided text. It appears to be a mix of words from different languages and does not convey any specific information related to science/technology, travel, politics, sports, health, or geography.
188	1690	geography	Leubѐh jioh u tunong nakeuh ie terjun Niagara ngön blah baroh nakeuh rumoh alam nyang ceudah Muskoka ngön alheueh nibak nyan.	I'm sorry, but I couldn't understand the language you used in your sentence. Could you please rephrase or provide a translation?
189	1903	geography	Ellsworth Land nakeuh dairah blah tunong ujông tanjong, diceue lé Laôt Bellingshausen.	Based on the given text, it appears to be a piece of news related to geography. It mentions Ellsworth Land, Laôt Bellingshausen, and geographical locations such as nakeuh dairah, blah tunong, and ujông tanjong.
190	891	geography	South Pole Traverse (atawa Jalan Raya) panyangjih 1600 km dari Stasion McMurdo di ateuh Laôt Ross u Kutob.	This news article appears to be related to geography, specifically the South Pole Traverse.
191	706	geography	Manyang di ateueh blah baroh ujong dari Machu Picchu nyankeuh gunong meureuleueng, kayem jeuet keu layeu keu cok gamba dari jai gamba nyang tinggai dari teumpat nyan.	This piece of news seems to be related to travel. It mentions Machu Picchu, a famous tourist destination, and talks about capturing pictures from a high place.
192	117	geography	Enceladus nakeuh objek nyang paléng reflektif bak tata surya, nyang hu silingka 90 persen cahya matauröe nyang keunôngjih.	Based on the provided text, it appears to be a piece of news regarding science/technology.
193	1459	geography	Hana meusapue nyang deuh seulaén langet nyang gleh, ceudah di ateueh ngön le gunong meulingka. Bacut hai nyang jeuet takalon ngön tadeungoe nibak dalam guha nyoe.	Based on the provided text, it is difficult to determine the category of the news article. The text appears to be in a different language and does not provide any specific information about the topic.
194	400	geography	Jinoe keu Jeupang. Jeupang jameun nyankeuh saboh nanggroe pulo, saban sit lagѐe Inggreh.	Based on the provided text, it is difficult to determine the category of the news article. It appears to be written in a language that is not recognizable. Could you please provide more information or context about the article?
195	139	geography	Bak punca jih, Siklön Tropis Gonu, geubôh nan khut deungôn saböh keureutaih ôn palém lam basa Maladewa, trôek bagah angèn 240 kilometèe peur jeum (149 mil peur jeum).	This piece of news is regarding geography. It is reporting on the tropical cyclone Gonu and its impact on the Maldives, including the distance it traveled.
196	429	geography	Wilayah Turki, itamoeng dano, iduek 783.562 kilometer peutsagoe (300.948 sq mi), na keuh 755.688 kilometer peutsagoe (291.773 sq mi) sapat i Asia barat daya ngön 23.764 kilometer peutsagoe (9.174 sq mi) i Eropa.	This piece of news seems to be related to geography. It provides information about the size and location of a specific region, specifically the size of a certain area in Turkey.
197	1900	geography	Pulo Shetland Seulatan, nyang diteumèe bak thôn 1819, diakui lé padum boh nanggroe, pulo nyan na paléng lë markah teuntra, deungön nam blah nyang manteng aktif lam thôn 2020.	I'm sorry, but I'm unable to categorize the news article based on the provided text. The text appears to be in a different language and does not provide enough information to determine the category.
198	1765	geography	Apia nakeuh ibu kuta Samoa. Kuta nyoe bak pulo Upolu ngoen masyarakat kureueng nibak 40.000.	This piece of information appears to be related to geography. It mentions the location of Apia, which is the capital city of Samoa, and provides information about the population of the island of Upolu.
199	326	geography	Sabab badé jeuoh nibak darat, manteng payah keu geupeunyum potensi meu akibat u Amèrika Seurikat atawa Karibia.	Based on the provided text, it is difficult to determine the specific category of the news article. The text appears to be in a different language and does not provide enough context to accurately categorize it.
200	1649	geography	Leubѐh lipeh imiyup maria ngown leubѐh teubai imiyup dataran manyang.	I'm sorry, but I am unable to understand the language you used in your message. Could you please provide the text in English or clarify your question?
201	1731	geography	Uteunjih nyan pih koen alue bakau sagai — nyan ditamong ladom dari rimba-rimba kha nyang tinggai nyang dilee dikhop tanoh luwah Gangetic.	Based on the provided text, it is difficult to determine the category of the news article. The text appears to be in a different language or contains unfamiliar terms. Please provide more information or context for a more accurate categorization.
202	289	geography	Peuta geumpa bansigom donya dari Survei Geologi Amerika Seurikat jipeutunyok hana geumpa nibak Islandia si aleuhat seugohlom jih.	Based on the provided text, it appears to be a piece of news related to geography.
203	1457	geography	Geuduek di ateueh saboh nibak bak gunong lam wilayah utara Mekah, guha nyan keubit meupisah nibak donya luwa.	Based on the provided text, it does not appear to be a news article related to science/technology, travel, politics, sports, health, or geography. It seems to be a sentence or phrase in a different language.
