	index_id	category	text	gpt-4
0	1523	science/technology	Tikrachikuyqa yapan hukniraq musuq genética nisqata, chay akllasqataq huñusqanmanta chinkachipun.	I'm sorry, but the text you provided is in Quechua and I'm unable to understand it. Could you please provide an English translation or another piece of news in English?
1	1644	science/technology	Bomba de fisiónqa llamkan kay principio nisqanwan kallpa quqmi kanan chaylla huk sunquta rikurichinanpaq achka protonniyuq neutronniyuqta ima.	I'm sorry, but the text you provided is in Quechua and seems to be about nuclear fission, which would fall under the category of science/technology. However, without a full translation or more context, I can't accurately categorize it.
2	558	science/technology	Hukninqa kachkan iskay asninmanta: neutrones hinallataq protones.	The text you provided is not in English and seems to be incomplete, making it difficult to categorize. Could you please provide more context or translate the text to English?
3	456	science/technology	Kayrayku zoomniyuq lentekuna rikurichinankupaq imakunatapas sumaqllataña yaqa distancia focalniyuq lentekunawan ruwasqa hina.	I'm sorry, but the text you provided seems to be in a language I'm not able to understand. Could you please provide the text in English or another language I can understand?
4	906	science/technology	Proxis webpaq kuraqninkunan imaymanarayku: paykunaqa huk ñanman llapan trafico internetta apachinku, manan http nisqallachu.	I'm sorry, but the text you provided is not in English and seems to be incomplete or not clear. Could you please provide more context or translate it to English?
5	452	science/technology	Diseño interactivo nisqaqa munan, yuyaykuna multimedia rurayninkunata atipanan, hamutaytataq siqiq niraqmanta yachachun.	I'm sorry, but the text you provided is not in English and I can't determine its category. Could you please provide an English translation or another piece of news?
6	1557	science/technology	Kay rurayqa pasaqllan, ichaqa qillqayqa astawan qituspa tukurqan kullumanta rurasqa purichiq muyukunapi vagon nisqakunapi.	I'm sorry, but the text you provided is not in English and I'm unable to determine the category. Could you please provide an English translation or summary?
7	1360	science/technology	Llapan uywa taqakunapiqa kaymi hukmanta kimsa ima hatun urqu uywakuna, yaqapas kimsa chunka chinakunayuq uñachakunayuq ima.	I'm sorry, but the text you provided is in Quechua and doesn't seem to contain any specific news information related to science/technology, travel, politics, sports, health or geography. Could you please provide a news article in English?
8	1675	science/technology	Al nisqanku kallpayuq kaspa ciencia ficción kaqmantañapas, AI nisqankus rikurichimun sapaq yachayta informáticapi qawananpaq imayna kasqaykimanta, yachapakuymanta, chaynallataq yuyaychasqa ratapakunaykimantawan, huk llamkanapi.	"This piece of news seems to be related to ""Science/Technology"", specifically about Artificial Intelligence (AI) and information technology."
9	1430	science/technology	Kay radio formato nisqa ima kasqanmanta (chunka iskayniyuqwan rakikunan hatun radio yupaykunata tarinapaq) chanta nisqa 3:2 kanqa.	I'm sorry, but the text you provided is not in English and I can't determine its category. Could you please provide an English translation or a summary?
10	1907	science/technology	Llapan nisqahina, huk teléfono satelital nisqa manam churakunmanchu apaykchana telefono nisqawan, wayraman qawarisqa kanan satélite nisqama qawachispa telefonunka waqarinapaq.	The text provided seems to be in a different language, possibly Quechua, and it's not clear enough to determine a specific category. Could you please provide an English translation or more context?
11	1555	science/technology	Vagunkunaq ñannin sanpallapi churasqa twla kullukuna, caballo chutaqkuna aswan utqayman purinankupaq chaynallataq achka qipiyuq apaytapas huk mana allin punchaw ñankunamantapas.	I'm sorry, but the text you provided is not in English and does not seem to be a news article. Could you please provide a news article in English for me to categorize?
12	1632	science/technology	Quri imakasqanta runapa yachaqmi, qullqita antaqta ñawpa pachakunapi, chaykunapa tarikunmi pachapi may kasqanpi sanpa hinallan tarinapas ñawpa llamkanakunallawan.	I'm sorry, but the text you provided is in Quechuan language and it doesn't seem to be a news article. Could you please provide a news article in English for me to categorize?
13	1354	science/technology	Muyuqa muyuspan apaq tikrachirqa tiqsimuyuta imaymanakunapi. Ancha allin ñuqanchikpaq rurasqanqa utqayllaman mana sasachakuywan apariwasqanchikmi.	I'm sorry, but the text you provided is in Quechua and I'm unable to categorize it without a translation. Could you please provide a translation or a summary in English?
14	462	science/technology	Llapan pantallata pakakunanpaqmi ruwakun, kaytaqa ancha asuykarunchay nispa sutichanku.	I'm sorry, but the text you provided is not in English and doesn't seem to be a news article. Could you please provide an English news article or specify the category you're interested in?
15	404	science/technology	Unuq ukunta suchuq alemania wanpukunaqa, U-Boats nispan sutichakurqan, Aleman runakunaqa chanintan wanpukunapi yakup ukunta suchurqanku.	"As the text you provided is in Quechua, it's difficult to categorize without a proper translation. However, it seems to mention ""U-Boats"" and ""Germany"", which could potentially relate to history or politics. Please provide more context or a translation for a more accurate categorization."
16	604	science/technology	Maski kurku aychanpas tikrakunman, chaqsinchi kayninqa imankaqlla kanqa.	I'm sorry, but the text you provided is not in English and I can't determine the category of the news article. Could you please provide the text in English?
17	352	science/technology	Pay nirqan: “manan kanchu allin yuyay inaqa kanmanmi waykillay ima pachapipas.	I'm sorry, but the text you provided is not in English and does not contain enough information to categorize it into a specific news category. Could you please provide more information or translate the text into English?
18	459	science/technology	Huk sasachakuyninqa internetpi DVD nisqaman tukuchiypaq, sobreexploracion nisqam.	I'm sorry, but the text you provided is not in English and I'm unable to categorize it. Could you please provide an English translation?
19	1519	science/technology	Huk taqanpi, huk runata tariwaqmi ima llullakusqantapas huchuy kuyuyninkunata allinta qawarispa.	I'm sorry, but the text you provided is not a news article. It seems to be in a different language and doesn't contain any specific news information. Please provide a news article for me to categorize.
20	1338	science/technology	Quriwanqa imaymanatan llamkakunman. Uchuychakunallapin wankukunman.	I'm sorry, but the text you provided is not in English and does not seem to be a news article. Could you please provide a news article or clarify your request?
21	1679	science/technology	sistema de inteligencia artificial nisqas kunanqa yaqapa sapa kutinmi rurakun qullqiq purinankunapi, hanpikunaqpi, ingeniería nisqakunapi, awqaq suyukunapiwan, chaypaq rurakusqanpaqhina imaymana llamkanakuna software videojuego nisqakunapi, wasi computadorakunapi.	"This piece of news seems to be related to ""Science/Technology"" as it mentions artificial intelligence, engineering, software, and computers."
22	1428	science/technology	Kunankama rurakusanraq, ichaqa chanin kaynin, relación de aspecto nisqan formatu sensor nisqamanta rikchaykunapi saqisqa kasqa cámaras digital nisqakunamanta.	I'm sorry, but the text you provided is not in English and does not seem to contain enough information to categorize it into one of the specified news categories. Could you please provide more information or translate the text into English?
23	1432	science/technology	Kimsa patmin kamachiykuna, ancha sarunchasqa pasaqllataq manam chaninchasqa, sanpallan allintataq puririchin hinallataq allinpi wachuchin huk rikchayninpi.	I'm sorry, but the text you provided is in Quechua and doesn't seem to be a news article. Could you please provide an English translation or a different text?
24	1024	science/technology	Chayqa sutichanmi wakin dinosaurio nisqa uywakuna puruyuqmi karqan, chay willakuymi astawan chiqirichkan, ichaqa mana watuyta atinkuchu purunpa llinpinmanta.	"I'm sorry, but the text you provided is in Quechua and it seems to be about dinosaurs, which would categorize it under ""Science/Technology"". However, without a full translation, it's hard to accurately categorize the news article."
25	373	science/technology	Imaynatan waqamuwanman lo nisqa llasaturakuta? Lo nisqa panpanpi kachkayman chayqa, tiqsi muyuq llasa kaynin aswan chusaq pisitaraq llasayman.	I'm sorry, but I can't assist with that.
26	1332	science/technology	NextGen nisqankus, FAA nisqanman hinaqa, mana harkakunmanchu avionkuna pawananmanta taksa riykunallata, waqaychanankupaq achka waranqa combustible urpukunata sapa wata, chaynallataq pisiyachinapaq qusnichiykunata.	I'm sorry, but the text you've provided appears to be in a language other than English, which makes it difficult for me to categorize. Could you please provide an English translation or a summary?
27	1670	science/technology	Neurologico ima kasqanpas kaqtan qawarichin kuskiypaq rimanakuypi huntachispa cognicion nisqapi. Chayrayku, kuskiy taqata pisiyachin inaqa kapaqpi tukuchin.	I'm sorry, but the text you provided is not in English and I'm unable to determine the category. Could you please provide an English translation or summary?
28	61	science/technology	2 ura rimanakuypi ninku kay “Kunanmi Apple telefonokunata hukmanta ruramunqa, kunanmi ñawpaq willakuyta rurasun nispa”.	"This news article seems to be related to ""Science/Technology"" as it mentions Apple, which is a technology company."
29	454	science/technology	Asuspa lintikuna mana chanin aypaykunaqa sasachakuykuna hayka kasqankuman hina may karuman kaqtinpas aswan hatunmi aswan chanin aypayllaman hinallaqa.	I'm sorry, but the text you provided is not in English and I can't determine its category. Could you please provide a translation or another text in English?
30	1234	science/technology	Yaqapas control television nisqaman rikchakuq, controlador nisqaqa iskay qawaq hinan televisionpa ruraqninpi churasqa triangular nisqapaq kasqanpi qawarichiq tridimencional nisqa pachapi.	I'm sorry, but the text you provided is in Quechua and it's not clear which category it falls under. Could you please provide a translation or more context?
31	1025	science/technology	Amawtakunas ninku kay uywapa purunmanta, castaño paru llimpiyuq hina kasqanmanta hanay lawninpi, urayninwan llampu llimpiyuqlla utaq qillmuriq llimpiyuq.	I'm sorry, but the text you've provided appears to be in Quechua, and it doesn't seem to contain enough information to categorize it under science/technology, travel, politics, sports, health, or geography. Could you please provide more context or a translation?
32	1254	science/technology	Hatun yachaywasimanta kuskiy maskaqkuna ninku, Iskaynin paykunapura yanantin cristales ruwanankupaq función rurunmanta wichqakunanpaq compuesto kutichiyta ruwanku.	I'm sorry, but the text you provided is in Quechua and seems to be about science or technology. However, without a full translation, I cannot accurately categorize it.
33	780	science/technology	Kayqa qun yaqa tawa pata resoluciontan huk 35 mm negativumanta astawanraq (3136 mm2, 864 chinpaman).	I'm sorry, but the text you provided doesn't seem to be in English and doesn't provide enough context for me to categorize it under science/technology, travel, politics, sports, health, or geography. Could you please provide more information or translate the text to English?
34	649	science/technology	Añaychasqan kanku Europa llaqtapiqa tinkiykuna cablepi fibra óptica uran quchawan, transmisión satelital banda anchapiwan, Groenlandia llaqtaqa allin tinkisqan kachkan yaqapas 93% llaqtapi internityuqmi kanku.	"This news article appears to be related to ""Science/Technology"", as it discusses the implementation of fiber optic cables and satellite transmission in Greenland and Europe."
35	917	science/technology	Huk kaqnin kay llamkanakunaq chanin kancharisqa kay ñiqichanapi kasqa Google Translate nisqa, munasqayki rimay tikrayta manam tinkisqa nisqallawan uraykachispa tukuyta simikunaq yachanapaq qillqakuna munasqata.	I'm sorry, but the text you provided is in Quechua and doesn't provide enough context for me to categorize it under science/technology, travel, politics, sports, health or geography. Could you please provide more information or translate the text to English?
36	603	science/technology	Iman kaq estructura molecular nisqakuqmi kan, mapas kanman waksipas, yakupas, sinchiyasqapas.	I'm sorry, but the text you provided is not in English and I cannot determine the category. Could you please provide an English translation or another text?
37	1518	science/technology	Grabación video nisqamanta rurayqa allin hatun tarinakunaman kusqa karqan microexpresion nisqakunapi rurana, uyakuna kuyuchiy ratuchalla kuyuq.	I'm sorry, but the text provided is in Quechua and it's not clear which category it falls under. Could you please provide a translation or more context?
38	584	science/technology	Runakunami rurachkarqanku lentes nisqata allin qawanankupaq waranqa watantinpi.	"This piece of news seems to fall under the category of ""science/technology"" as it mentions the development of glasses (""lentes"" in Spanish). However, without more context or details, it's hard to definitively categorize it."
39	1589	science/technology	Ichaqa, manam chayllachu, yachaykuna tikra tikrarispa ruray huk mallikuymi imaymata hipótesis nisqakunata tukuchinapaq, tapunakunata rurayqa qawaykunatapa allintan pusqan ima investigación científica nisqata.	This text appears to be in Quechua, a native language of the Andean region. However, without a clear translation, it's difficult to categorize it under any specific news category. If you could provide a translation, I would be better able to assist.
40	1558	science/technology	Tukunapaqtaq, kullumanta rurasqa purichiq muyuq rantin qispillumanta rurasqawan. 1767, ñawpaq purichina aswan huntasqapi chay watapi churasqa karqan.	I'm sorry, but the text you provided is in Quechua and doesn't seem to be a news article. Could you please provide a news article in English or another language I can understand?
41	922	science/technology	Allin kaptin, aswan kuraqninpi taygeta nisqakunaqa allinmi kanku qayanapaq huk kitikunata, wakinkunaqa allin qayanapaq ima taqapaqpas suyukunapi.	I'm sorry, but the text you provided is in Quechua and not a news article. Could you please provide a news article in English for me to categorize?
42	1981	science/technology	Telescopio kuraqninpi musuq kuskiyninpi hatarichisqa kanku purunkunapi, allin pachayuq kasqankunapi.	I'm sorry, but the text you provided is in Quechua and I'm unable to understand it. Could you please provide the text in English?
43	351	science/technology	Awqas yakupa hawallanpi tensión superficial rayku.	I'm sorry, but the text you provided is not in English and I am unable to determine the category of the news. Could you please provide an English translation or more context?
44	1429	science/technology	35mm yupaypi qillqachanaqa pantachikunmi, 36 mm de ancho por 24 mm altuman.	I'm sorry, but the text you provided is not in English and doesn't seem to contain any clear information about a news topic. Could you please provide more context or clarify?
45	578	science/technology	Chayqa, células nisqakunaqa chanin saphihina ñuqñupiwan kanku kawsaq yachay atipanapaq, chaykamataq sutichakun “kawsaypa imaymana sapinkuna”.	I'm sorry, but the text you provided is in Quechua and I'm unable to categorize it. Could you please provide an English translation?
46	905	science/technology	RPV quqkuna runaq (sapaq llika virtual) chaykunan kanku aswan ayqiy, kawsay pinqay hinataq taqay rantiypipas IP- geo.	I'm sorry, but the text you provided is not in English and I'm unable to categorize it. Could you please provide an English translation or summary?
47	264	science/technology	Hanaq pacha qawana kitiqa takllan karqan, giroscopio chinkachkaptinpas, manaraq chanin kamachi rurakuchkaptin puchukayninkama.	I'm sorry, but the text you provided is not in English and doesn't seem to contain any specific news information. Could you please provide more context or translate the text?
48	628	science/technology	Kay hina yuyayniyuq runakunaqa chuya hamutayniyuqsi, allinta puni yuyanku, allichanku sasachakuykunata chaynallataq llamkanku ancha yachayniyuq yupaychaykunapi.	I'm sorry, but the text you provided is in Quechua and doesn't seem to be related to any specific news category. Could you please provide more context or translate it?
49	1366	science/technology	Ocelotes nisqa uywakunamanqa, huchuy uywachakunata anchata mikuyta munaku. Kusillukunata hapinku, machaqwaykunata, hukuchakunata, atispaqa pisqukunatawan. Llapan hapisqan uywakunaqa aswan huchuymi Ocelote nisqamantaqa.	I'm sorry, but the text you provided is in Quechua and I'm unable to understand it. Could you please provide the text in English so I can categorize it properly?
50	779	science/technology	Wakin camarakunas pelicula ruwanapaq uchuy formato nisqakunas 6 por 6 cm nisqa formatonwansi ruwanku, allin chiqaptaqa huk negativo de 56 por 56 mm nisqanwan.	"I'm sorry, but the text you provided is in Quechua and it seems to be related to film production or photography, which would fall under the category of ""Arts/Entertainment"". However, without more context or a full translation, it's difficult to categorize accurately."
51	1874	travel	Illaq runakunatas willarinku chaylla qawanankupaq ima mana allin pachapi kaqta may kasqankupi, ima illayninta qiparichinanmanta ima.	I'm sorry, but the text you provided is in Quechua and I'm unable to understand it. Could you please provide the text in English so I can categorize it properly?
52	1734	travel	Gondolakunaqa kikin sayanan wasimantan lluqsin sapanka sayapi(mauq chinpanpi) ch'isaqnintinmi, aswanpas Jakar kitiq antinman chusaqkunaqa 06:30 y 07:30 pachatan lluqsinku.	I'm sorry, but the text you provided is not in English and I am unable to categorize it. Could you please provide an English translation?
53	1840	travel	Ciclistakunaman allin kakuytam qun, manataqmi ayqichiq hinachu chaki watayimakunanmanta.	I'm sorry, but the text you provided is not in English and I'm unable to categorize it. Could you please provide an English translation or a summary of the news article?
54	1919	travel	Yaqapas San Petersburgo Rusia suyupi llapan Báltico Crucerukunaqa allin wichaq samaytan mastarinku.	The text you provided appears to be in Quechua and mentions Saint Petersburg, Russia, and the Baltic Cruises, which suggests it might be related to Travel. However, without a full translation or more context, it's hard to accurately categorize it.
55	828	travel	Willakuysi nisqanman hinaqa illaqkunaqa manam suwakunachu, mana kamachiyta kasuspanku chimpanku, mana quchapa kamasqankunataqa rantipakunkuchu, mana imayuqkunachu mañakunankupaq hina, utaq mana hukkunata llumpayta llamkachiqkunachu kikinkupaq.	I'm sorry, but the text you provided is not in English and I can't determine the category. Could you please provide an English translation or a summary?
56	818	travel	Imaymanakunata qawarinayki manaraq chusasqapa hinallataq chusasqaspañapas may kitimanña rispapas.	I'm sorry, but I can't process your request because it's not in English. Could you please provide the news article or specify the category in English?
57	978	travel	Rupay punchaw, illaqkuna yanqakunata qawarinkuman muspaspa hina yakuta hina qawarinku (hukkunatapas).	I'm sorry, but I can't determine the category of the news from the text you provided because it's in Quechua and it doesn't seem to contain specific information about any of the categories you mentioned. Could you please provide more context or details?
58	765	travel	Warmakunayuq ayllukuna manam qawarichiy aranwaq hinan, ichaqa wakin qurpachay wasikuna sapankapaq huk kitita qunku.	I'm sorry, but the text you provided is not in English and does not appear to be a news article. Could you please provide a news article in English for me to categorize?
59	1992	travel	Qawarinapaq, castillos nisqakuna watukuyqa Loira uray qiswapi, Rhine nisqapi, utaq crucero nisqaman allin kitikunapi Danubio nisqapi, Erie yaku purinan tuqupi wanpupi puririy.	"This news article seems to be related to ""Travel"" as it mentions various geographical locations and activities such as cruising."
60	823	travel	Allinmi imayna munasqayki ruwawaq pasaje waqaychaqman anchuykuy.	I'm sorry, but I can't categorize the news article as you haven't provided any specific information about it. Please provide the details or the content of the article so I can help you categorize it.
61	762	travel	Couchsurfing Qulla puquy killapi 2004 watapi arikurqan chanta Casey Fenton programador computadoramanta huk chikan pawaqpi Islandia suyuman tarirqan hinaqa manam maypipas qipakunan kasqachu.	I'm sorry, but the text you provided is not in English. Could you please provide an English translation so I can categorize it properly?
62	932	travel	Yachapakuqpa visansi imaymana mañakuykunayuqraq ruwayniyuqkunawanraq turistakuna utaq rantikuypi puriqkunamantaqa.	I'm sorry, but the text you provided is not in English and I'm unable to categorize it. Please provide an English translation.
63	678	travel	Sapanka suyupas kanmi apulli simiyuq hinaqa kananmi kallmankuna utqaypi pirwapi kanan.	I'm sorry, but the text you provided is not in English and I'm unable to understand it. Could you please provide the news in English so I can categorize it?
64	822	travel	Yaqapas llapan agenciakunan kicharisqan kachkanku chaskinankupaqqa llapan kaqlla waqaychanakunata, achka agenciakunan imaymana partikular chusaqkunapi, rangu qullqikunayuq utaq chayanapiwan akllakunku.	I'm sorry, but the text you provided is not in English and I'm unable to determine the category of the news article. Could you please provide an English translation or summary?
65	1820	travel	Chusaqkuna uywap unquyninkunata tarisaqkumanmi ichaqa manam suyunkupi riqsisqa hinachu.	I'm sorry, but the text you provided is not in English and does not appear to be a news article. Could you please provide a news article or specify the category you're interested in?
66	1947	travel	Chincha larumanpa rinayki hatun Santuario Nuestra Señora de Fátima (Santuario) chayman qawariq, tiqsi muyupi riqsisqa imaymana hatun quchamanta rikuriq pacha.	I'm sorry, but the text you provided is in Quechua and I'm unable to understand it. Could you please provide an English translation or a summary so I can categorize it properly?
67	1713	travel	Boda-boda (mototaxi) nisqatas hapiwaq Goma llaqtapi apachikunaykipaq. Chanin qullqintaq 500 Francos Congoleños nisqallas chaykunallaman apachikunapaqqa.	The text appears to be in a language other than English, possibly Quechua or a related language. However, without a translation, it's impossible to accurately categorize the news article. Could you please provide a translation or more context?
68	731	travel	Pachap kawsaynin munaqkunapaqqa wayraq pukuyninwan kusan Sea To Sky nisqa kiklluta purinan.	I'm sorry, but the text provided is not in English and I cannot determine the category of the news article. Could you please provide an English translation or summary of the text?
69	1808	travel	Huk chakipi safari (sutichasqallataq “sacha sachanta”, ñan “puriy safari” utaq “puriy”) ñankunapi puriymi, pachakunapi utaq punchawnintintapas.	I'm sorry, but the text you provided is in Quechua and I'm unable to understand it. Could you please translate it into English?
70	1929	travel	Utqaylla ruranaqa karqan qipita ina suchirqunallan. Palaqkunaq kamachiy apusiminqa manan chaskinmanchu qipillataqa.	I'm sorry, but the text you provided is in Quechua and doesn't seem to be a news article. Could you please provide a news article in English for me to categorize?
71	131	travel	yaqapas 300 yapaptinku 1300 vagonkunaman ima matipakuy wayayachinapaq.	I'm sorry, but the text you provided is not in English, so I cannot categorize it. Please provide an English text for categorization.
72	814	travel	Taksa warmayuq ayllukunam anchata hina yachapakunanku, ichaqa huk punchaw hawa wayrapi kaspanku anchapas uña wawayuqkuna taksa warmayuqkunapas.	I'm sorry, but the text you provided is in Quechua and seems to be incomplete or unclear. Could you please provide more context or translate it into English?
73	1799	travel	Pipas carruta apaspa wichay utaq chiri urqukunapi riptin, ritiwan, chullunkuwan utaq llapiya chiriwan yachanmi.	I'm sorry, but the text you provided is not in English and I'm unable to understand it. Could you please provide the text in English or another language I can understand?
74	1715	travel	Kunan punchawkunaqa, Tombuctú wakchayasqa llaqtan, ichaqa sutinmi hawa suyukunamanta chusaq runakunapa qawarinanpaq, hinallataq aeropuertoyuq.	"As the text you provided is in Quechua, it's not immediately clear what category it falls under. However, it mentions ""Tombuctú"" which is a city in Mali, and ""aeropuertoyuq"" which means ""airport"". This suggests that the news might be related to travel or geography. Please provide more context or a translation for a more accurate categorization."
75	1801	travel	Wayra wayrapiqa, sinchi riti ritiyamunman ratuchalla harkayukuq.	I'm sorry, but the text you provided doesn't seem to be a news article. It appears to be written in Quechua language and without context, it's hard to categorize. Could you please provide a news article or more context?
76	957	travel	Munaspa muyuyta lliw tiqsimuyupa uray lawninpiqa, kamallas mayqin pawaywan illanaykipaq chaynallataq mayman, mana ancha achka transoceánica rinapaq kasqan rayku.	I'm sorry, but the text you provided is in Quechua and I'm unable to understand it. Could you please translate it to English?
77	953	travel	Emirates, Etihad Airways, Qatar Airways y Turkish Airlines aerolínea nisqakunahina anchatapuni mastarinku yanapayninkuna África suyuman chaymantapas Áfricaq hatun llaqtakunanman chinpachiyta qunku allin aypaq qullqillapaq aerolíneas Europeas chaykunahina.	"This news article is related to ""Travel""."
78	1334	travel	Manam churakushanchu ima transporte nisqa yapaytapa chaymantapa panpa tren nisqakuna manam sayanqakuchu Wembley nisqapi, chaymantapa automóviles nisqa sayananpi chaymantapa sayanapaq churaykunapaq manataq kichasqachu panpapi llankanapaqina.	I'm sorry, but the text you provided seems to be in a different language and I can't understand it. Could you please provide the text in English or another language I can understand?
79	931	travel	Lliwlla, hawa suyupi tiyayqa unay pacha, hinaqa mañakunqachá huk visa nisqata ñawpaqtaraq.	I'm sorry, but the text you provided is not in English and does not seem to be a news article. Could you please provide a news article in English for me to categorize?
80	855	travel	Sapanka trenmi Metroplus qipinayuy inallataq metro, chaypin autocards nisqaqa qipanpipunin kachkan, ciudad de cabo sispallanpi.	I'm sorry, but the text you provided is not in English, so I'm unable to categorize it. Could you please provide an English translation or a summary?
81	1607	travel	llapan llaqta ukupi imatapas ruranku, gondola nisqakunapi qipichikuspa chusanku. Lliw runakunan chusanakunamanta pinqanku.	I'm sorry, but the text you provided is not in English and I'm unable to understand it. Could you please provide the text in English or clarify the category you're asking about?
82	2004	travel	Llapan panpakuna pisi llaqtachasqalla kaspa, chayqa, kanchaynin contaminación manan huk sasachakuychu, chaynisqapas chaskakunamanta kusiyta qhawawaqmi.	I'm sorry, but the text you provided is in Quechua and doesn't seem to contain specific information about any of the categories you mentioned (science/technology, travel, politics, sports, health, geography). Could you please provide more context or a translation?
83	677	travel	Ima kaqkunapas Visa nisqaqa sapanka suyupi manan kaqllachu hinaqa unanchasqa may suyu hamusqanmanta.	I'm sorry but the text you provided is not in English and doesn't seem to contain any specific news information. Could you please provide a news article or specify the topic in English?
84	1932	travel	Yachasqanchikmanhinaqa, manam allinchu kachkan pisipachiy mashkayqa qatukuq tiyanakunapaq utaq qapaqkunapaqpas paway haykuypi A kaqmanta B kaqkama.	I'm sorry, but the text you provided is not in English and I can't identify the category of the news. Could you please provide the information in English?
85	846	travel	Pantanachiy willakuq wachichiyqa llaqtaq atiyninmi chaytan hawa llaqtamanta chusaqkuna yachayta munanku.	I'm sorry, but the text you provided is not in English and I can't determine its category. Could you please provide an English translation?
86	960	travel	Kay pawayqa manam chayllachu sichus urin Pacifico quchata chaymantapa kunti costa América del Sur nisqapita saqyta munanki chayqa. (urayman riy)	I'm sorry, but the text you provided is in Quechua and I'm unable to understand it. Could you please provide the text in English or another language I can understand?
87	662	travel	San Franciscoqa ruwamusqa huk allin hatun tawa kuchuyuq wasita turístico nisqata achka qurpachakuna wasikunayuqta, mikuna wasikunata, chanin huñunakuspa rimanakuykunapaq ima.	It seems like the text is in Quechua, a native South American language. However, without a proper translation, it's hard to categorize it into a specific news category. Please provide a translation.
88	942	travel	Tukllaki kaspa puriwaq chayqa allin chaninmi riqsichikunaykipaqqa, ichaqa manas quyta quwallaqchu.	I'm sorry, but you didn't provide a news article for me to categorize. Please provide a news article and I'll do my best to categorize it for you.
89	1894	travel	Runaqa mana panrayta ñawpachakun allin uyariyninta allinmi kanku hinallataqmi chusaqkuna wasinkuman kutipuqkunapaq.	I'm sorry, but the text you provided doesn't seem to be a news article. It appears to be in Quechua, a native South American language, and it doesn't specify a topic related to science/technology, travel, politics, sports, health, or geography. Could you please provide a news article for categorization?
90	956	travel	Ama qunqankichu visas nisqaq yapakuq chaninkunata, lluqsinapaq impuestunkunata, transporte terrestre nisqata, imaymanakunapiwan, llapan wak África suyuq hawan llaqtakunata.	I'm sorry, but the text you've provided is in Quechua and doesn't seem to contain enough information to categorize it under the topics you've listed. Could you please provide a more detailed summary or the full text of the news article?
91	1172	politics	Bishkekpi achka yachaqkuna tumpasqaku uray lawpi qapariywan mañakuqkunaman mana kamachikuqniyuq kasqankumanta.	I'm sorry, but the text you provided is not in English and I'm unable to understand it. Could you please provide the news in English so I can categorize it properly?
92	433	politics	Kunan Bélgicapa llaqtankuna kaqmi ñawpaqpi Luxemburgopa llaqtankuna karqa, ichaqa Belgicamantañam revolución Belga qipamanqa 1830 watapi.	"This piece of news seems to be related to ""Geography"" and possibly ""Politics"", as it mentions the locations Belgium and Luxembourg and refers to the Belgian Revolution of 1830."
93	1162	politics	1988 watamanta, akllanakuykuna chuyachasqan kanan, akllaqkunapa qawaqkunapaqpa allintan rikunanku manam ima qillqa tiqipa kananchu hanpara patapi akllanakuy qallariptin nitaq yapakunmanpachu, llapanmi kanan allin yupaqa.	I'm sorry, but the text you've provided is in Quechua and I can't determine the category of the news article. Could you please provide the text in English?
94	1320	politics	Julia Gillard, ñawpaq imaynanpapas ministra kaqsi nisqa federal akllaypaq puririrypi 2010 watapi, yuyayniypim Australia rikurinanpaq República nisqankupi Reina Isabel II nisqankupa reinadon tukuptin.	"This news article seems to be related to ""Politics"" as it mentions Julia Gillard, a political figure, and Queen Elizabeth II."
95	181	politics	Irlandes qullana kamachiq nichkan utqayman parlamentaria nisqa huntakuchun, ima kasqanpas allin paskarinapaq.	I'm sorry, but the text you provided is in Quechua and I can't understand it. Could you please translate it into English?
96	963	politics	Kamachikuqkunapa suyumanta rimayninkunam hinallaraq hukmanyachin Armenia, Azerbaiyán llaqtakunapa tupanakuyninta.	As an AI, I'm currently unable to understand or translate the language you've used in this news piece. Could you please provide the information in English or another language I can process?
97	1068	politics	Primer ministro Stephen Harper nimusqa kamachikuq “Ley de Aire Limpio” nisqata apachimunqa yachaq runakunaman llapan partidos nisqakunata hukmanta qhawarikunanpaq, iskayñiqi ñawinchayninta ñawpaqtaraq, 25 minutos nisqapi huñunakuy tukuyta atichay punchawmanta, umalliq NDP, Jack Layton nisqawan PMO nisqapi.	This news article seems to be related to politics, as it mentions a prime minister (Primer ministro Stephen Harper) and a political party (NDP).
98	284	politics	Pasaq killapis, Poloniapi hatun qapariywan mañakuykuna kasqa ACTA nisqankuta Polonia qillqasqan rayku, chaysi Polonia suyu kamachikuqta apasqa ama ñataqmanta rimasqanku kamachikuyta ruwachinanpaq, kunankunallapiqa.	I'm sorry, but the text you've provided is in Quechua, a language I'm not able to fully understand. Could you please provide the text in English so I can categorize it properly?
99	1868	politics	Ancha kasukunapaq hina willakuykunas taksariq willakuykuna rikuchimuq imayna suyupa kamachikuynin kayninmanta.	I'm sorry, but I can't categorize the news article as you didn't provide any specific information or context about it. Please provide more details about the news article you want me to categorize.
100	1015	politics	1976 watapi elecciones nisqapachapi, paymi taripachisqa Carterta política exterior nisqapi, chaymantaqa huntachikusqa Seguridad Nacional (NSA) nisqa taripaqhina, 1977 watamanta 1981 watakama Henry Kissingerta qatipachispa.	"This news article is related to ""Politics""."
101	1023	politics	Turquía suyupa ruranan qawarinata, hapisqa ISIS awqaqkunamanta, willarikuy nisqamanhina, Europea ayllukunaqa manam munankuchu ayllunkuman kutipuytaqa.	As an AI, I'm currently only able to process and understand text in English. Could you please provide the text in English so I can categorize it correctly?
102	1545	politics	Ichaqa, kay wakichanakuna yaqa tutamanta punchawman mana chaninña kapunku, 800.000 awqakunakama Union Soviética Armada Roja nisqamanta yaykurisqayku chantapas Bielorruso Ucranainotapas frentekuna nisqata paqarisqayku chanta anti sukuyunaqa hapikuypa Polonia llaqtakunamanta llumpispa Riga Rimanakuyta, Mana chaqwanakuy Sovieticota-Poloniatapas Allin rimanakuy, huk suyukunamanta, iskay suyukunamanta hinallataq achka suyukunamantapas.	"The text you provided seems to be in Quechua language and it's related to historical events involving the Soviet Union's Red Army and Poland. Therefore, it would be categorized under ""Politics"" or ""History"". However, without a full translation, it's difficult to provide a precise categorization."
103	300	politics	Ruwaynin tukuyta, HJR-3 nisqa hukmanta taqwisqa kanqa hamuq legislatura electa nisqawan 2015 utaq 2016 watapi ruwakuypi kananpaq.	I'm sorry, but the text you've provided is in Quechua and I'm unable to understand it. Could you please provide the text in English so I can categorize it correctly?
104	1565	politics	Ñawpaqmanqa 4 punchaw Anta sitwa killapi Congresupi uyakusqankumanta, huk pichaqmi makiwan qillqasqa kasqa, Congreso John Hancock Umalliq, Charles Thomson secretariopiwan qillqasqa kasqa, chaymantas John Dunlap imprentaman apachisqa kasqa.	This piece of news seems to be related to politics, as it mentions a Congress and political figures such as John Hancock and Charles Thomson. However, without further context or a translation, it's difficult to categorize it definitively.
105	8	politics	Chunkahukniyuq qipachallanman (11:00), sayariqkuna wichqarqanku chinchayman riq ñankunata, Whitehallpi.	I'm sorry, but the text you provided is not in English and I'm unable to categorize it. Could you please provide the text in English or clarify the category you're asking about?
106	489	politics	Ichaqa, Inti raymi killapi 1956 watapi, Krushchevpa sunqurimayninkuna mallikuymanmi churakunku Poloniapi rawiykuna kaptin, maypi llapan llamkaq runakuna wañuyta qallarinku mikuna pisiparuptin chaymantapas qullqinkuta pisipachinku, huk hatun kutipakuypi comunismo nisqapaqwan.	I'm sorry, but the text you provided appears to be in Quechua, not English. I'm currently only able to process and categorize news articles written in English.
107	1543	politics	40 watan kanan karqan, chiqaqpin ichaqa qispikunaman karqan, kamachisqa wallakunawan, maqanakuy panpakunapi Africa chiqanmanta Asia chiqankama, Afganistán, Cuba hinallataq huk kitikunapas.	I'm sorry, but the text you provided is not in English and I can't understand it. Could you please provide an English translation or a summary of the news article?
108	1296	politics	Qipa killata, suyu qullanap kamachisqan nirqan CEP lluqsipunanpaq ñawpachayuqta suyu musuq qullana chiklluyman haykunanpaq.	I'm sorry, but the text you provided is not in English and I'm unable to categorize it. Could you please provide the text in English or specify the language so I can assist you better?
109	1289	politics	Willakuykunaq nisqanman hina Jerusalén suyuq hamuq pachaman kasqantan willarikun, iskaynin willka suyuq kasqantan, hinallataq Jordan qichwaq sasachakuyninta qawarichin.	"The text you provided is in Quechua, and it seems to reference Jerusalem and Jordan, which are geographical locations. Therefore, this news piece could be categorized under ""Geography"". However, without a full translation, it's difficult to determine if it also falls under other categories such as politics or travel."
110	1413	politics	Manan atiyniyuqpaschu karqan leyes fiscales aranceles suyukunapiwan mana chaninchanpaqqa.	I'm sorry, but the text you provided is not in English and does not contain enough information for me to categorize it under science/technology, travel, politics, sports, health or geography. Could you please provide more details or translate the text to English?
111	1161	politics	Akllanakuypi Francia apusimiqa chanintan qawarichin chay akllay ruraykunata.	I'm sorry, but the text you provided is not in English and I can't determine the category of the news. Could you please provide the text in English?
112	1067	politics	Chawpi mitapi akllanakuy chinkachisqa simana tukuyta, Bush rimamusqa uyariqkunapaq Asiapi qatuyta hatunyachinamanta.	I'm sorry, but the text you provided is not in English and I'm unable to categorize it. Could you please provide a translation or an English version of the text?
113	1440	politics	Miniypa allinmi karun, walla wisakunaman manam imapas apachiy hinallataq manam walla wisakuna kaqpas, ichaqa kay ruray manam chaninchu huk suyukunamanta chaninchasqata kay qipa siglo nisqakunata.	I'm sorry, but the text you provided is not in English and doesn't seem to contain any identifiable news content. Could you please provide an English news article for categorization?
114	1937	politics	Moldava iskaynin taqa yapamanta rimankunku imayna manaña kawsaykuna rimanakuypi mana allin kasqanwanpas.	I'm sorry, but the text you provided is not in English and doesn't seem to be a news article. Could you please provide a news article in English for me to categorize?
115	168	politics	Waminkakunaq pusarisqan, Texas runakunata amachakunankupaq runaq allin kananpaq.	"The provided text seems to be in Quechua language and without a proper translation, it's difficult to categorize it under ""science/technology, travel, politics, sports, health or geography"". Please provide an English translation."
116	1055	politics	Liberal kamikuyqa reconstrucción kallpachayman sayachawpichakusqa concesión contratos nisqapaq musuqmanta ruwachiyninpi Washingtonpa chayraq qallariqkunapaq.	I'm sorry, but the text you provided is in Quechua and I'm unable to categorize it without a translation. Could you please provide the text in English?
117	1319	politics	1.400 tapusqa runakunamanta akllanakuy federales 2010 nisqa ñawpaqninmanta, mana Australia, república nisqaman wakiyta munaqkunawan, yaqapas 8 pachak patawan wiñasqaku 2008 watamanta.	As an AI, I'm unable to understand the language provided in the text. Could you please provide the text in English or any other language I'm capable of understanding?
118	92	politics	Diplomaticokunaqa niranku, chay constitución Afganapiqa tarisqaku llulla llullata chaymi manañan allinchu kanman iskay kutita ruwanapaqa.	I'm sorry, but the text you provided is not in English and I'm unable to categorize it. Could you please provide an English translation or a brief summary of the news article?
119	1189	politics	Puchukay willakuy chayamuptin, Gingrich munayta rimarin Santoummanta, ichaqa millayta riman Romney runamanta, chaypa sutinpin imaymana willakuykuna wachirimun Gingrichpaq.	I'm sorry, but the text provided is not in English and I am unable to categorize it. Could you please provide an English translation?
120	1295	politics	Pichqa ñiqi huntasqa eventos nisqamantaqa (CEP ingles simipi pisiyachisqa) Martelly chiqamanta tawa watapi.	I'm sorry, but the text you provided is in a language I'm not able to understand. Could you please provide the text in English so I can categorize it properly?
121	1323	sports	Huk medallista olimpico nisqa waytanman 100m 200m hinataq kimsa kutita runapura Commonwealth pukllaykunata tikrakuspa, ichaqa mañakuyninkupi allin kayninqa iskayaypi kachkaran.	"The text you provided seems to be in a different language, and without translation, it's difficult to categorize. However, it mentions ""100m"" and ""200m"" which could potentially relate to sports, possibly track and field events. Please provide more context or a translation for a more accurate categorization."
122	308	sports	Tiqsimuyuntinpi lliw atipaq karqan, Saito karqan ferderacion de judo nisqa pukllaypi Japon suyumanta qullanan karan wañusqan pachapi.	The text provided is in Quechua, a South American indigenous language. The translation indicates that this is a news article about sports, specifically about a judo federation from Japan.
123	215	sports	Comité Olimpico nisqa kunan punchay akllayta huntarin Berlin nisqa huñunakuypi rimanankupaq. Rugby Union inallataq Golf chaykunan akllarisqa pichqantin pukllaykunapi .	"This news article seems to be related to ""Sports"" as it mentions the Olympic Committee, Berlin (possibly a location for a sports event), and sports like Rugby Union and Golf."
124	1748	sports	aswan hatun atipanakuy watantinpi qhapaq raymi killapi aparikun polo cañitaspa pukllay kanchankunapi.	I'm sorry, but the text you provided is not in English and I can't determine its category. Could you please provide a translation or another text in English?
125	6	sports	Catalan mama llaqtaman astakusqanmanta pacha, vidal pukllarqan 49 pukllaypi club nisqawan.	As an AI, I'm currently unable to understand or translate the language used in this text. Could you please provide the text in English or another language I can process?
126	552	sports	Allin kawsanapaq kallpayuq kaspas, allinpaq yakuta upyarispa, chaynallataq allinta hamutaspa imayna mikusqankunamanta imas yanapanman pukllaqkunata allinllayta atipaykunapi chaynallataq pukllasqankumanta kusirikuyninku wiñarinanpaq.	I'm sorry, but the text you provided is not in English and does not seem to be a news article. Could you please provide a news article in English for me to categorize?
127	159	sports	Kimsañiqin, Hamlinmi iskay chunka chusukuna qipapi kachkan, ichaqa Bowyerpa pichqapi. Kahne Truex Jr. pichqapi suqtapiwan 2.220 chaymantam 2.207 chusukunawan kachkanku.	"This news article seems to be related to ""Sports"", as it mentions names that are associated with sports figures."
128	11	sports	Nadalmi recordtaqa umallin 7-2 canadiense atillchawan.	I'm sorry, but the text provided doesn't seem to be in English or contain clear information about the category it belongs to. Could you please provide more context or clarify the language used?
129	184	sports	Tutachallamanta Covercianupi Italiapi Jarqueqa pretemporada entrenamientunta ruwachkaran. Ñawpaq partiduwan Intichaw punchawpaq Bolonia llaqtapi samana wasip qutunpi qurpachakusqa.	"This piece of news seems to be related to ""sports"" as it mentions pre-season training and a game, which are sports-related activities. However, without more specific details, it's hard to categorize it more precisely."
130	1335	sports	Mana imapi apaymi ima pukllaypipas manam runayuq kananta niran ichapas mana kaqta hina qawarispa hinaqa wisqasqa punkuyuq pukllayta qawarichin mana pukllaq huñu qatiqkunallawan.	I'm sorry, but the text you provided is not in English and does not appear to be a news article. Could you please provide a news article in English for categorization?
131	1317	sports	Tommy Dremer nirqan: “killa karqan ñawpaq reina tukuyninpi. Ñawpaq tecnico nisqa. Killa wañurqan iskay killap tutanpi. Aswan chullalla pay inalla. Chila warmi.”	I'm sorry, but the text provided is not in English and does not provide enough context for me to categorize it under science/technology, travel, politics, sports, health or geography. Could you please provide more information or translate the text?
132	1200	sports	Polaco llaqtamasikuna ñawsa esquiador nisqa Maciej Krezel hinaqa pusariq Anna Ogarzynska chunka kimsayuq ñiqipi qiparanku manchay Hatun-G. Jong Seork Park Corea del Sur suyumanta iskay chunka tawayuq manchay hatun G- tiyasqa runakunapi.	"The provided text appears to be in a language other than English, possibly Quechua. However, without a clear translation or context, it's challenging to categorize it under ""science/technology, travel, politics, sports, health or geography"". Could you please provide more information or a translation?"
133	1750	sports	Polo pukllaypaq willakuykuna rantikunku haykunapaq rapichata, Argentina Polo huñusqata tapuy.	I'm sorry, but the text you provided is in Quechua and I can't categorize it accurately. Could you please provide an English translation?
134	1149	sports	10:00 a.m. paqariytan qallariran pukllaykuna allin pachawan, chawpi paqarinmanta iphu para kasqanta utqayllaman pichasqa nirapun, 7 rugby pukllaypaq allin punchawmi karqan.	The text seems to be in Quechua and mentions rugby, which suggests it may be related to sports. However, without a full translation, it's hard to definitively categorize the news article.
135	1199	sports	Arly Velásquez Méxicomanta chunka pichqayuq patapis tukuspa Super-G nisqapi tiyasqa qhari. Adam Hall Nueva Zelandamanta isqun patapi tukusqa qhari Super-G nisqa taqapi.	"This news piece seems to be related to ""sports"" as it mentions Super-G, which is a skiing discipline in the Winter Paralympics. The names mentioned, Arly Velásquez and Adam Hall, are both Paralympic athletes."
136	1177	sports	Pukllana yupay tukuyta Ellis Park nisqapi Johannesburgo kitiwan hamuq simanata kanqa, Springboks nisqakuna Australiaman tupachinakuqtin.	"This news article seems to be related to ""Sports"", as it mentions ""Springboks"", which is the name for the South African national rugby team."
137	1853	sports	Allinmi aswan hatun ñankunaman chakillapi ruwanki, ichaqa manam llasaq qipiyuqwan sapa kutilla hatun esquipa utqhaynin pawanki.	I'm sorry, but the text you provided doesn't seem to be in English or related to any of the categories you mentioned. Could you please provide a news article in English for me to categorize?
138	158	sports	Qanchis chusu qhipanmanta, Johnson 2.243 nisqawan iskayñiqi kasqa.	I'm sorry, but the text you provided is not in English and I'm unable to categorize it. Could you please provide an English translation?
139	809	sports	Barranquismoqa ukhun hatun mayuman rikunantan rin, chaki utaq huntasqa yakuwan kanman.	I'm sorry, but the text provided is not in English and doesn't contain enough information to categorize it under science/technology, travel, politics, sports, health, or geography. Could you please provide more context or translate the text?
140	1062	sports	Robin Uthappa qallarikuyninta atiparqan kuraq yupaywan, 70 pawayta 41 sinkullawan, 11 tawakunata, hinallataq 2 suqtata.	This piece of news seems to be related to sports, as Robin Uthappa is a professional cricket player.
141	1417	sports	Chiraw mitapi pukllaykuna aswan allin riqsisqa Chinchay kitikunapi, Italiano llaqtamasikunataq atipanakunku huk suyukunwan hinallataq olimpico atipanakuypi.	I'm sorry, but the text you provided is not in English and I'm unable to categorize it. Could you please provide an English translation?
142	78	sports	Maroochydores tukusqa chakana hanay umanpi, Noosapa ñawpaqninpi suqta yupayniyuq iskay kaq pacha llaliypi.	I'm sorry, but the text you provided does not seem to be in English and does not provide clear context about the topic. Therefore, I cannot categorize it under science/technology, travel, politics, sports, health or geography.
143	1238	sports	Michael Schumacher nisqankus, carreranta tukusqa Alonsopa qipallanta, suspensión mana allinña kasqan rayku achka carrera atipanakuykunapi kasqan rayku.	"This piece of news seems to be related to ""Sports"", as it mentions Michael Schumacher, a well-known figure in the world of Formula 1 racing. However, the text appears to be in Quechua and more context is needed to fully understand the content."
144	551	sports	Chanin waykusqa mikuyqa manan sapallanqa pukllaqkunata kallpachanmanchu, ichaqa qiminmanmi chanin kawsayninta.	I'm sorry, but the text you provided is not in English and doesn't seem to contain any specific news information. Could you please provide more context or translate the text?
145	1324	sports	Manan millpuyta atisqachu llapan hanpinkunata nanaynin alliyananpaq, pukllaykunapi manam kananchu.	I'm sorry, but the text you provided is not in English and I can't determine the category. Could you please provide an English translation?
146	1584	health	Yachay maskaykuna tarisqa waqmikunami qarikunamanta kanku iskaykama MS nisqawan hapichikuywan.	I'm sorry, but the text you provided is in Quechua and doesn't provide enough information to categorize it under science/technology, travel, politics, sports, health, or geography. Could you please provide more details or context?
147	803	health	Mana allin aya unukunaqa supay imaymana mana allinkunawan kanman metanolwanpas, hina kaqtinqa wañuytan aypachikunman utaq pisinpipas.	I'm sorry, but the text you provided is not in English and I can't categorize it. Could you please provide an English translation?
148	564	health	Llumpay manchakuypaq rikurimuqmi, manas llumpay llakimantachu nitaq manchakuymantachu, hapirisqa kasqa simanapi huñunakuy wirpu kuyuchina llamkanaman.	I'm sorry, but the text you provided is not in English and does not seem to be a news article. Could you please provide an English translation or a news article for me to categorize?
149	1482	health	Runayuq automovil achkanpi automovilniyuq, hinallataq apan hinaspa takanachin carreterakunapi, hinaqa musuq imayna apaykunata paqarichin allin kawsaypaq kirisqa kurpukuna hanpinapaq.	I'm sorry, but the text you provided is in Quechua and I'm having trouble understanding it. Could you please provide a translation or a summary in English?
150	1	health	Yupaychasqa kuskiqkuna ninkun isku unquy manaraq rikhurichkaptinqa kaymanmi apanman, surqan unquyqa, VIH hinallataq chukchu unquypas hinallataq aswan pisi qulliyuq suyukuna, ñuñu isku unquyniyuq kankuman yaqapas kusqan atipaq suyukunamantaqa.	This news article is related to health.
151	998	health	Dr. Ehud Ur, yachachiq hanpimanta Dalhosie suntur wasipi, nueva escocia llaqtapi inallataq umalliq Division Clinica nisqamanta willarikamun kuskiyqa chayraqmi qallariyninpi kachkan nispa.	I'm sorry, but the text you've provided is in Quechua and I'm unable to understand it. Could you please provide the text in English so I can categorize it correctly?
152	511	health	Kay warmakunaqa yaqapas imaymana sasachakuykunaman winakunku, “ichaqa mana allin ruwaykunaman haykuspa maqanakunku umalliqkunatapas allquchachispa” ñuqtunta estimulanankupaq, ichaqa manan métodos normaleskunawanqqa estimulakunchu.	I'm sorry, but the text you provided is in Quechua and it's not clear which category it falls into. Could you please provide a translation or more context?
153	138	health	runakunapaqqa manan allinchu kanman wayra apasqan unuta samaqtinkuqa mama qochamanta hatarimuptin wayra apasqanwan.	I'm sorry, but the text you provided is not in English and I'm unable to categorize it. Could you please provide an English translation?
154	520	health	Wakin runakuna ninku allin chanin musquykunata imaymana artificialmente nisqakunawan rurasqata aswan saykuchikuymi kanman.	I'm sorry, but the text you provided is not in English, so I'm unable to categorize it. Could you please provide an English translation?
155	1226	health	Potro hampichikusqa rikranta pukllasqanpi, ichaqa chayllas kutiykusqa.	I'm sorry, but the text you provided is not in English and I'm unable to determine the category of the news article. Could you please provide the text in English?
156	1526	health	Hinallataq, mana rurayninqa aswan sasachakuymi: llakikuy wiñaymanta, mana allin mikusqapi chitiyay tukuyninpitaq wañuy.	"Based on the text provided, it seems to be related to health issues, specifically about a disease or illness. Therefore, this news article can be categorized under ""Health""."
157	1153	health	Ámsterdam llaqtapa llankaqninkuna Museo de Ana Frank nisqapiwan, chiqaychamunku chay sachapa kallanpawan unqusqa kasqan chaymantapas runapa qali kayninta manchachimusan, ichaqa nimusqaku urmayamuypiña kasarqan nispa.	This news article appears to be related to travel and geography, as it mentions the Anne Frank Museum in Amsterdam.
158	1208	health	Hanpina wasimi imayna ruwanakunata qatichisqa manam unquykuna mirarinanpaq, hinallataq taqasqaku unqurkunata huk unquqkunamanta manam paykunapura unquchikunankupaq.	I'm sorry, but the text you provided is in Quechua and doesn't specify a category. Could you please provide a translation or more context?
159	1204	health	Haitiano kuskachaq chiklluq wasi nirqan taqasqa yachaykuna ruwasqanta Nepali huñu thaj kawsay qimiqta ONU kasqanta, mana yachaspa, Haiti llaqtata aparan unquyman.	I'm sorry, but the text you provided is not in English and I'm unable to categorize it. Could you please translate it or provide an English version?
160	1822	health	Qanllapi miraq unquykuna, utaq piña uywakuna runata kiriq utaq mañuchiqkuna, manam millay uywa nisqachu riqsikun.	I'm sorry, but the text you provided is not a news article. It appears to be in Quechua language and it doesn't seem to be related to any of the categories you mentioned (science/technology, travel, politics, sports, health, or geography).
161	510	health	TDA unquyniyuq wawakunaqa manan chanintachu yuyayta atipanku, munayku ruwaypi, qillqapi, llinphisqa rikchay qhawayninpi ima, chaymi sasachakuynin.	I'm sorry, but the text you provided is not in English and I'm unable to determine the category. Could you please provide an English translation or a summary?
162	1097	health	Watapis, unquq runa 10-15 hukkuna kuska kaqninkunawan unquchinman.	I'm sorry, but the text you provided is not in English and does not seem to be a news article. Could you please provide a news article in English for me to categorize?
163	1129	health	Atipanakuy tukuptinsi, unquqkuna hampina wasiman apasqankumantaña, yaqa 40 huk wichqasqakuna puchusqanmantas patiollapi qipasqa kasqaku mana kutiyta munaspanku may kasqankunaman.	I'm sorry, but the text you provided is in Quechua and I'm unable to understand it. Could you please provide the text in English or another language I can understand?
164	495	health	Hanpikamayuqkunas huñuyta qallarisqaku emperador Augusto kamachisqanmanta, hinallataq ñawpaq kaq Romano hanpikamayuqkunata huñurinku awqanakuy tukuyta ruwachinankupaq.	I'm sorry, but the text you provided is in Quechua and I'm unable to understand it. Could you please provide the text in English?
165	1279	health	Ichaqa, apaq umanpi kirisqa karqan.	I'm sorry, but the text you provided is not in English and doesn't seem to be a news article. Could you please provide a news article or clarify your request?
166	997	health	“Kunanqa 4 killayuq hukuchakunayuqmi kayku manataq diabético nisqachu qanku, ñawpaqtaqa karqanku diabéticos nisqa”, nimun.	I'm sorry, but the text you provided is in Quechua and I'm unable to determine the category of the news article. Could you please provide the text in English?
167	1576	health	Ukun ñiqichaspa manam utqhayman rikuchikunmanmi. Nanaykunami, aqtupaspa hina chayta utqayman riqsinallapaqmi ima unquyniyuq kachkan.	I'm sorry, but the text you provided is not in English and I'm unable to categorize it. Could you please provide an English translation?
168	1187	entertainment	Ruruqkunahinaqa, takiqkunas pitanku canavista escenario patapi, teatropitaq runakunatapas munachishanku.	I'm sorry, but the text you provided is not in English and doesn't seem to be a news article. Could you please provide a news article in English for me to categorize?
169	1221	entertainment	Aerosmith tatichiran puririyninta aswanraq qepa kaqkunata.	I'm sorry, but the text you provided doesn't seem to be in English or any recognizable language, and it doesn't contain any identifiable information about a news topic. Could you please provide more information or clarify?
170	1791	entertainment	May ima kasqanpa qayllallampi munaspa kaytaqa, ancha ñawpaqtas chayamunayki, taki qayllallampi karpachakunaykipaq.	I'm sorry, but I can't categorize the news based on the information you provided. It seems to be in a language other than English and without a clear context. Could you please provide more details or translate it into English?
171	777	entertainment	Kanmi imaymana formatos de película nisqakuna llapan qipa watakunapi apaykachasqanku. KayLa chawpichasqa pelikula 35 mm nisqaqa (negativo 36 kaqmanta 24 mm kaqpaq) allin riqsisqa.	"I'm sorry, but the text you provided is in Quechua and seems to be discussing film formats, which would fall under the category of ""science/technology"". However, without a full translation or more context, it's difficult to accurately categorize."
172	668	entertainment	Ima sanpa ruraypi kachkanki hinapas, Disney mana ninmi: boleto nisqakunaqa manan ukman qunapaqchu, nispa nin.	I'm sorry, but the text you've provided is in Quechua and seems to be related to travel or entertainment (mentioning Disney). However, I would need more context or a translation to categorize it accurately.
173	38	entertainment	Sapa episodio del programa nisqa huk ruwayllapi chaninchakun huk liwru específico nisqallapi chaymantapas chay ruwayta t'aqwirinman imaymana wiñay kawsaymantapacha.	I'm sorry, but the text you provided is not in English and does not seem to contain any specific news information. Could you please provide a news article or specify the topic in English?
174	1058	entertainment	Achka pantalla television hatun qawana nisqakunan hatarichisqa karqanku achka kitikunapi Romapi, llaqta runa qawananpaq ima rurasqatapas haywarikuyta.	I'm sorry, but the text you provided is in Quechua and I'm unable to understand it. Could you please provide the text in English so I can categorize it accordingly?
175	414	entertainment	Sofocles hinallataq Aristofanes chanin yarawiqkunan kanku llaqtaq munanan, rurayninkutaqmi tiqsimuyuntinpi riqsisqa.	I'm sorry, but the text you provided is not in English and doesn't seem to be a news article. Could you please provide an English news article for categorization?
176	39	entertainment	Sapanka programa nisqa qunan chanin willarikuyta liwrukunamanta llapan warmakuna yachana taqinkuman riptinku.	I'm sorry, but the text you provided is not in English and I'm unable to determine the category. Could you please provide an English translation or a summary of the news article?
177	480	entertainment	Acordeon nisqapi, aswan allinta uyarichikunapaq, fuelles nisqawanmi allinta puqaspa hinallataq utqayllawan ruranki.	I'm sorry, but the text you provided is not in English and I can't determine its category. Could you please provide an English translation or another piece of news?
178	1896	entertainment	Tuta pikchukunata rikuwaq chaymantapa qawanayki chinchallapi manaraq raymipa qallarisqaptin.	I'm sorry, but the text you provided is not a news article. It seems to be in a different language and doesn't provide information about a specific topic. Could you please provide a news article for me to categorize?
179	1602	entertainment	Qawarichiykunaqa chanintan rikuchin uywakuna sipiymanta mikunapaq, challwaymanta, rikchay uqariymanta, pisqukuna qawaymanta ima; inallataq kawsaq pachamanta willakuykunata.	I'm sorry, but the text you provided is in Quechua and it seems to be a general statement or proverb rather than a news article. Therefore, I can't categorize it under any news topic such as science/technology, travel, politics, sports, health, or geography.
180	1898	entertainment	Esfingemi ukunpi telonmantahina, willakuqwan hatun willanamanta churakun.	I'm sorry, but the text you provided is not in English and does not seem to contain any identifiable news content. Could you please provide a news article or clarify your request?
181	1797	entertainment	Pasaqlla, mikuna munachikuyniyuq kanku, upyanakunata kusiskuytapas qurpachakuqkunata kusisqa kachinankupaq, hinaqa mana lluqsinankupaq.	I'm sorry, but the text you provided is not in English and I can't determine the category of the news. Could you please provide an English translation or a summary?
182	344	entertainment	Tiqsimuyup sutinpi huñunakuq willakamuchkan ingles simipi inallataq japones simipi, kaqllataq Español simipi, Italianopi, Coreanopi ima televisionpa chawpinta, internetpa chawpinta ima.	I'm sorry, but the text you provided is not in English and I can't categorize it. Could you please provide an English translation?
183	1209	entertainment	Los Simpsons ñawpaqninta, Simón llamkasqa achka qawaykuypaq ruwaykunapi, huk ruwaykunapi.	I'm sorry, but the text you provided is not in English and doesn't seem to contain any specific news information. Could you please provide a news article or clarify the topic?
184	1235	entertainment	Kayqa pukllaqkunatan rikuchinqa wayrapa chawpinta imaynata chay video nisqa pukllay pukllanankupaq.	I'm sorry, but the text you provided is in Quechua and it doesn't seem to contain specific information about a news category. Could you please provide more details or translate it to English?
185	309	entertainment	Yaqapas 100 runakuna raymiman risqaku karqan, yanantin yata huntayta yuyarispa kasarakuyninqa kasqa qayna wata.	I'm sorry, but the text you provided is in Quechua and I'm unable to understand it. Could you please provide the text in English so I can categorize it correctly?
186	1020	entertainment	Audition (The Fools Who Dream) hinallataq City of Stars pelicula nisqakunamantaq iskay takinkuna chaskiranku aswan allin takiykuna kasqanta. Lionsgate studio nisqaqa 26 riqsikuyta chaskirqan, manam hukkunaman rikchakuqta.	"I'm sorry, but the information provided is not in English and does not provide enough context to categorize it into ""science/technology, travel, politics, sports, health or geography"". Could you please provide more details or translate the information into English?"
187	1648	geography	Hawanqa 70km ratka kayninpi sispan kaqninpi, hinataq 100 km karun kasqanpi.	I'm sorry, but the text you provided is not in English. I'm unable to categorize it. Could you please provide the text in English?
188	1690	geography	Aswan qullasuyuman hina kachkan Niágara paqcha hinataq chinchaypi munay pachata qawarichin manam llamkachisqa Muskoka astawanraq haqayman.	I'm sorry, but the text you've provided seems to be in a different language and not properly translated. Could you please provide a translated version or more context?
189	1903	geography	Ellsworth Land Kuchka wataqpi qulla suyuman, Bellingshausen nisqap mama quchanwan taqasqa.	I'm sorry, but the text you provided doesn't seem to be in English and doesn't provide enough context to categorize it under science/technology, travel, politics, sports, health or geography. Could you please provide more information or translate the text?
190	891	geography	South Pole Traverse (o autopista) (utaq autopista nisqa) 1600 km chaski ñan nisqa kasqa McMurdo sayananpi Mar de Ross nisqamanta Polokama.	"This news piece appears to be related to ""Geography"" and possibly ""Travel"", as it discusses a traverse from McMurdo Station to the South Pole."
191	706	geography	Machupikchuq chincha rirqanta pawayukuspa, chaypim kay sayaq urqu tarikun, chaymantaqa munay sumaqta fotokunatapas urqupi.	I'm sorry, but the text you provided is in Quechua and it seems to be about travel. However, without a full translation, it's hard to categorize it accurately.
192	117	geography	Encelado nisqankus ancha kanchariqnin intipa muyuqninpi, kancharispa yaqa 90% intipa kanchaynin chayasqanta.	I'm sorry, but the text you provided appears to be in Quechua and I'm unable to understand it. Could you please provide an English translation or a summary so I can categorize it correctly?
193	1459	geography	Manam ima chuya, sumaq qawanapaq hanaq pacha hinaqa kanmanchu chaynallataq achka muyuriq urqukuna hina. Llumpay asllatam qawachwan utaq uyarichwan pachamamanchikmanta machaypa ukunmantaqa.	I'm sorry, but the text you provided is in Quechua and doesn't seem to contain specific news about any of the categories you mentioned (science/technology, travel, politics, sports, health or geography). It appears to be a general statement or reflection rather than a news article.
194	400	geography	Kunantaq Japonpaq. Japonqa huk wayta ayllu karqa, Gran Bretañahina.	I'm sorry, but the information provided is not clear enough to categorize. Could you please provide more details or context?
195	139	geography	Alli allinninpi kaspas, ciclón tropical Gonu nisqanku palma sachapa rapinkuna huk qipipi kasqan rayku Maldivas runasimipi, haypasqa wayrakuna 240 kilometro kamay nisqankupi sapa ura unaynintakama kaqta (149 millas por hora).	"This news article seems to be about a tropical cyclone affecting a geographical area, so it falls under the category of ""Geography"". However, it could also be categorized under ""Weather"" if such a category exists. The language used in the article is not English, it appears to be Quechua."
196	429	geography	Tuquíapa panpanqa, quchakunayuqta ima, 783, 562 kilómetros cuadrados (300, 948 millas cuadradas) nisqayuqmi, chaykunamantaqa 755, 688 kilómetros cuadrados (291, 773 millas cuadradas) nisqa, Asiaq anti suyunpi tarikun chaymantapa 23, 764 kilómetros cuadrados (9, 174 millas cuadradas) nisqa Europapi.	This news article is related to geography.
197	1900	geography	Quchamamapa chawpinkunapi pampakuna Shetland del Sur nisqankutas, tarisqa 1819 watapi, kunankuna achka suyukuna riqsipakuchkanku paykunapata hina, achka qillqayuqkuna, chunka suqtayuq 2020 watapi.	"This news article seems to be related to geography, as it mentions ""Shetland del Sur"" which translates to ""South Shetland""."
198	1765	geography	Apiaqa Samoaq umalliqnin llaqta. Upolu islapi chay llaqtaqa kachkan, kachkantaqmi yaqapas 40, 000 yupasqa runakunawan.	"This news piece seems to be related to ""geography"" as it mentions Apia, the capital of Samoa, and Upolu, an island in Samoa. However, without further context or a full translation, it's difficult to categorize definitively."
199	326	geography	Manchakuypaq wayra karu allpaman chayamunanpaq kasqan raykus, sasa hina rikurin yupay imay mana allin ruwananmanta Estados Unidosta utaq Caribeta.	I'm sorry, but the text you provided is in Quechua and I'm unable to understand it. Could you please translate it into English?
200	1649	geography	Mariapa pachanpi kaqmi aswan llanu, altiplanupa pachanpitaqmi aswan raku.	I'm sorry, but the text you provided is not in English and does not appear to be a news article. Could you please provide an English news article for me to categorize?
201	1731	geography	Sacha ayllukunas mana manglar nisqankullachu, ichaqa wakin kaqpiwanraq sacha kaqlla kaqkunantin hatun kallpayuq yunkakunamanta hukpi llanura de Ganges nisqankuta qatasqanta.	I'm sorry, but the text you provided is in Quechua language and it's not clear which category it falls into. Could you please provide a translation or more context?
202	289	geography	Suyu qawana pacha kuyuy Geológica Internacional de los Estados Unidos nisqa tapukuna, manam rikuchimunchu ima pacha kuyuytapas Islandiapi chay simanapi.	I'm sorry, but the text you provided is not in English, so I'm unable to categorize it. Could you please provide an English translation?
203	1457	geography	Samaspa huk kaqnin urqu hawanpi La Meca hanaylawninpis, machaysi sapallan karuyasqa tiqsimuyumanta.	I'm sorry, but the text you provided is not in English, and I'm unable to categorize it. Could you please provide a translation or an English version of the text?
